Year,Date,Subregion,Habitat,SiteID,Site_name,StationID,Eunicea_calyculata,Gorgonia_ventalina,Pseudopterogorgia_americana,Pseudopterogorgia_bipinnata,Eunicea_flexuosa,Pseudoplexaura_porosa,Total_Octocorals
2011,6/8/2011,UK,P,32,Porter Patch,321,0.0,0.9,6.3,,0.6,0.2,9.0
2011,6/8/2011,UK,P,32,Porter Patch,322,0.1,0.3,5.9,,0.9,0.0,
2011,6/8/2011,UK,P,32,Porter Patch,323,0.4,0.4,4.4,,0.6,0.2,7.2
2011,6/8/2011,UK,P,32,Porter Patch,324,0.5,0.6,6.1,,0.5,0.5,8.6
2011,6/11/2011,UK,P,33,Admiral,331,0.0,1.7,0.3,,0.0,0.2,2.3
2011,6/11/2011,UK,P,33,Admiral,332,0.0,0.7,0.0,,0.2,0.0,0.9
2011,6/11/2011,UK,P,33,Admiral,333,0.1,1.7,1.8,,0.0,0.1,5.7
2011,6/11/2011,UK,P,33,Admiral,334,0.1,1.0,2.9,,0.0,0.5,5.1
2011,5/18/2011,MK,P,34,West Turtle Shoal,341,0.0,2.8,1.0,,0.1,0.6,
2011,5/18/2011,MK,P,34,West Turtle Shoal,342,0.0,5.1,2.4,,0.2,0.9,
2011,5/18/2011,MK,P,34,West Turtle Shoal,343,0.0,2.7,1.8,,0.3,0.5,
2011,5/18/2011,MK,P,34,West Turtle Shoal,344,0.0,3.8,1.5,,0.0,1.1,
2011,5/13/2011,MK,P,35,Dustan Rocks,351,0.0,1.4,2.0,,0.0,1.2,
2011,5/13/2011,MK,P,35,Dustan Rocks,352,0.1,1.8,1.4,,0.0,1.3,
2011,5/13/2011,MK,P,35,Dustan Rocks,353,0.1,1.3,1.2,,0.0,0.9,
2011,5/13/2011,MK,P,35,Dustan Rocks,354,0.0,1.2,0.8,,0.0,0.2,
2011,7/20/2011,LK,P,36,West Washer Women,361,0.1,0.6,1.2,,0.6,1.1,5.9
2011,7/20/2011,LK,P,36,West Washer Women,362,0.1,1.3,1.8,,0.7,0.8,8.9
2011,7/21/2011,LK,P,36,West Washer Women,363,0.0,0.2,0.9,,0.3,0.6,3.5
2011,7/21/2011,LK,P,36,West Washer Women,364,0.0,0.1,1.9,,0.2,1.8,6.8
2011,7/20/2011,LK,P,38,Cliff Green,381,0.1,1.7,3.0,,1.4,1.8,11.2
2011,7/19/2011,LK,P,38,Cliff Green,382,0.1,1.4,1.3,,1.3,2.6,10.7
2011,7/20/2011,LK,P,38,Cliff Green,383,0.3,2.3,1.9,,2.4,1.8,13.3
2011,7/19/2011,LK,P,38,Cliff Green,384,0.0,1.5,1.3,,0.7,1.1,7.1
2011,6/13/2011,UK,OS,50,Carysfort Shallow,501,0.0,3.4,0.1,,0.0,0.0,4.1
2011,6/13/2011,UK,OS,50,Carysfort Shallow,502,0.0,1.7,0.1,,0.1,0.0,2.0
2011,6/13/2011,UK,OS,50,Carysfort Shallow,503,0.0,7.0,1.5,,0.2,0.1,40.5
2011,6/13/2011,UK,OS,50,Carysfort Shallow,504,0.0,7.1,6.1,,0.1,0.2,20.4
2011,6/14/2011,MK,OS,54,Alligator Shallow,541,0.4,3.2,8.7,,3.8,0.2,23.2
2011,6/14/2011,MK,OS,54,Alligator Shallow,542,1.5,2.8,8.2,,2.3,0.4,21.8
2011,6/14/2011,MK,OS,54,Alligator Shallow,543,0.5,1.8,4.9,,3.1,0.1,28.4
2011,6/14/2011,MK,OS,54,Alligator Shallow,544,3.3,0.7,3.0,,3.5,0.4,19.9
2011,5/12/2011,MK,OS,55,Tennessee Shallow,551,0.0,0.1,3.5,,0.2,0.0,
2011,5/12/2011,MK,OS,55,Tennessee Shallow,552,0.0,0.0,7.1,,0.4,0.1,
2011,5/12/2011,MK,OS,55,Tennessee Shallow,553,0.1,0.7,8.7,,0.4,0.0,
2011,5/12/2011,MK,OS,55,Tennessee Shallow,554,0.0,0.3,8.3,,0.8,0.1,
2011,5/10/2011,MK,OS,56,Sombrero Shallow,561,0.1,2.3,2.6,,0.1,0.2,
2011,5/10/2011,MK,OS,56,Sombrero Shallow,562,0.0,4.3,4.1,,0.7,0.5,
2011,5/10/2011,MK,OS,56,Sombrero Shallow,563,0.0,1.1,4.0,,0.7,0.6,
2011,5/10/2011,MK,OS,56,Sombrero Shallow,564,0.0,5.9,1.3,,0.0,0.1,
2011,7/18/2011,LK,OS,59,Western Sambo Shallow,591,0.1,2.7,6.3,,0.3,0.4,10.9
2011,7/17/2011,LK,OS,59,Western Sambo Shallow,592,0.0,3.4,4.7,,0.1,0.0,6.5
2011,7/18/2011,LK,OS,59,Western Sambo Shallow,593,0.0,2.9,1.8,,0.0,0.0,4.5
2011,7/18/2011,LK,OS,59,Western Sambo Shallow,594,0.0,1.6,1.1,,0.3,0.1,3.7
2011,7/15/2011,LK,OS,61,Sand Key Shallow,611,0.0,3.1,4.2,,0.0,0.0,8.3
2011,7/15/2011,LK,OS,61,Sand Key Shallow,612,0.0,2.6,4.2,,0.0,0.1,8.7
2011,7/15/2011,LK,OS,61,Sand Key Shallow,613,0.0,1.8,5.1,,0.3,0.0,7.0
2011,7/15/2011,LK,OS,61,Sand Key Shallow,614,0.0,1.5,5.6,,0.2,0.0,7.3
2011,6/13/2011,UK,OD,70,Carysfort Deep,701,0.0,0.0,0.1,,0.0,0.0,19.0
2011,6/13/2011,UK,OD,70,Carysfort Deep,702,0.0,0.0,0.0,,0.0,0.0,13.3
2011,6/13/2011,UK,OD,70,Carysfort Deep,703,0.0,0.0,0.0,,0.0,0.0,10.7
2011,6/13/2011,UK,OD,70,Carysfort Deep,704,0.0,0.1,0.3,,0.0,0.0,25.4
2011,6/14/2011,MK,OD,74,Alligator Deep,741,0.2,0.9,8.4,,0.4,0.4,16.3
2011,6/14/2011,MK,OD,74,Alligator Deep,742,0.0,0.0,2.5,,0.2,0.3,7.8
2011,6/14/2011,MK,OD,74,Alligator Deep,743,0.1,0.0,3.7,,0.1,0.1,9.5
2011,6/14/2011,MK,OD,74,Alligator Deep,744,0.4,0.4,9.4,,0.1,0.0,16.2
2011,5/12/2011,MK,OD,75,Tennessee Deep,751,0.1,1.0,3.3,,0.1,0.0,
2011,5/12/2011,MK,OD,75,Tennessee Deep,752,0.1,2.2,3.0,,0.0,0.0,
2011,5/12/2011,MK,OD,75,Tennessee Deep,753,0.0,2.4,4.0,,0.0,0.0,
2011,5/12/2011,MK,OD,75,Tennessee Deep,754,0.0,1.1,2.1,,0.0,0.0,
2011,5/11/2011,MK,OD,76,Sombrero Deep,761,0.0,0.5,2.5,,0.0,0.0,
2011,5/11/2011,MK,OD,76,Sombrero Deep,762,0.0,0.4,1.7,,0.1,0.0,
2011,5/11/2011,MK,OD,76,Sombrero Deep,763,0.0,0.7,2.1,,0.0,0.0,
2011,5/11/2011,MK,OD,76,Sombrero Deep,764,0.0,0.2,3.2,,0.0,0.1,
2011,7/18/2011,LK,OD,79,Western Sambo Deep,791,0.0,1.1,8.2,,0.2,0.0,14.3
2011,7/18/2011,LK,OD,79,Western Sambo Deep,792,0.0,1.4,6.4,,0.3,0.0,11.5
2011,7/18/2011,LK,OD,79,Western Sambo Deep,793,0.1,1.3,8.7,,0.0,0.1,14.2
2011,7/18/2011,LK,OD,79,Western Sambo Deep,794,0.0,1.0,8.0,,0.1,0.0,12.7
2011,7/19/2011,LK,OD,81,Sand Key Deep,811,2.7,1.4,7.5,,0.7,0.3,16.4
2011,7/20/2011,LK,OD,81,Sand Key Deep,812,2.6,0.1,7.3,,0.0,0.0,16.3
2011,7/19/2011,LK,OD,81,Sand Key Deep,813,0.7,1.4,8.7,,1.1,0.4,25.5
2011,7/19/2011,LK,OD,81,Sand Key Deep,814,2.0,2.7,10.5,,0.8,0.4,27.5
2012,8/17/2012,UK,P,32,Porter Patch,321,0.9,3.5,9.8,0.0,1.6,2.6,18.7
2012,8/17/2012,UK,P,32,Porter Patch,322,0.8,1.3,5.4,0.0,1.0,0.9,14.6
2012,8/17/2012,UK,P,32,Porter Patch,323,0.1,2.6,8.7,0.0,1.4,1.1,15.9
2012,8/17/2012,UK,P,32,Porter Patch,324,0.2,2.5,3.4,0.0,1.1,1.5,20.0
2012,8/18/2012,UK,P,33,Admiral,331,0.0,5.8,4.3,0.0,0.0,0.3,10.9
2012,8/18/2012,UK,P,33,Admiral,332,0.0,2.9,2.7,0.0,0.0,0.0,5.7
2012,8/18/2012,UK,P,33,Admiral,333,0.0,6.9,6.5,0.0,0.3,0.2,15.6
2012,8/18/2012,UK,P,33,Admiral,334,0.0,6.2,12.9,0.0,0.1,0.6,22.5
2012,5/9/2012,MK,P,34,West Turtle Shoal,341,0.0,2.6,2.3,0.0,0.7,0.8,11.0
2012,5/9/2012,MK,P,34,West Turtle Shoal,342,0.0,4.6,5.4,0.0,0.5,1.0,14.2
2012,5/9/2012,MK,P,34,West Turtle Shoal,343,0.1,3.7,2.3,0.0,0.6,0.6,11.0
2012,5/9/2012,MK,P,34,West Turtle Shoal,344,0.1,3.6,2.7,0.0,0.2,1.2,11.7
2012,5/7/2012,MK,P,35,Dustan Rocks,351,0.0,1.6,5.7,0.0,0.4,1.0,13.7
2012,5/7/2012,MK,P,35,Dustan Rocks,352,0.1,2.2,4.2,0.0,0.0,1.1,13.0
2012,5/7/2012,MK,P,35,Dustan Rocks,353,0.0,0.6,2.6,0.0,0.0,0.9,13.0
2012,5/7/2012,MK,P,35,Dustan Rocks,354,0.0,1.6,2.6,0.1,0.1,0.2,7.0
2012,7/17/2012,LK,P,36,West Washer Women,361,0.1,0.6,1.5,0.0,0.1,1.3,7.3
2012,7/17/2012,LK,P,36,West Washer Women,362,0.1,2.3,2.9,0.0,0.8,2.3,12.6
2012,7/17/2012,LK,P,36,West Washer Women,363,0.1,0.3,1.3,0.0,0.4,0.7,4.1
2012,7/17/2012,LK,P,36,West Washer Women,364,0.1,0.3,2.4,0.0,0.2,1.7,7.8
2012,7/18/2012,LK,P,38,Cliff Green,381,0.0,1.8,4.3,0.0,1.2,0.9,13.4
2012,7/18/2012,LK,P,38,Cliff Green,382,0.0,1.3,1.4,0.0,0.6,3.1,10.0
2012,7/18/2012,LK,P,38,Cliff Green,383,0.1,2.2,2.1,0.0,2.9,2.3,15.2
2012,7/18/2012,LK,P,38,Cliff Green,384,0.4,1.0,1.4,0.0,1.0,1.8,7.7
2012,8/16/2012,UK,OS,50,Carysfort Shallow,501,0.0,3.0,0.1,0.0,0.0,0.0,3.5
2012,8/16/2012,UK,OS,50,Carysfort Shallow,502,0.0,1.9,0.0,0.0,0.0,0.0,2.1
2012,8/16/2012,UK,OS,50,Carysfort Shallow,503,0.0,6.7,2.3,0.0,0.2,0.0,51.6
2012,8/16/2012,UK,OS,50,Carysfort Shallow,504,0.0,11.0,1.0,0.3,0.1,0.0,38.1
2012,8/13/2012,MK,OS,54,Alligator Shallow,541,0.5,2.7,10.1,0.0,4.0,0.2,26.3
2012,8/13/2012,MK,OS,54,Alligator Shallow,542,0.0,4.5,7.9,0.0,1.2,0.1,22.1
2012,8/13/2012,MK,OS,54,Alligator Shallow,543,0.1,5.1,5.7,0.0,5.7,0.2,30.8
2012,8/13/2012,MK,OS,54,Alligator Shallow,544,0.4,2.2,5.3,0.0,3.6,0.3,26.2
2012,5/14/2012,MK,OS,55,Tennessee Shallow,551,0.1,2.1,9.7,0.2,0.5,0.4,19.4
2012,5/14/2012,MK,OS,55,Tennessee Shallow,552,0.5,1.9,11.1,0.0,1.6,0.0,20.8
2012,5/14/2012,MK,OS,55,Tennessee Shallow,553,0.0,2.0,12.8,0.0,0.6,0.3,30.5
2012,5/14/2012,MK,OS,55,Tennessee Shallow,554,0.1,2.6,9.0,0.0,1.5,0.6,22.2
2012,5/10/2012,MK,OS,56,Sombrero Shallow,561,0.0,3.7,3.1,0.0,0.0,0.4,7.6
2012,5/10/2012,MK,OS,56,Sombrero Shallow,562,0.0,5.2,4.0,0.0,0.6,0.8,12.0
2012,5/10/2012,MK,OS,56,Sombrero Shallow,563,0.0,2.4,5.6,0.0,0.8,1.3,13.5
2012,5/10/2012,MK,OS,56,Sombrero Shallow,564,0.0,6.4,1.5,0.0,0.2,0.5,8.7
2012,7/13/2012,LK,OS,59,Western Sambo Shallow,591,0.1,3.5,6.1,0.0,0.3,0.1,9.3
2012,7/13/2012,LK,OS,59,Western Sambo Shallow,592,0.0,4.0,4.9,0.0,0.0,0.0,10.2
2012,7/12/2012,LK,OS,59,Western Sambo Shallow,593,0.0,2.7,2.1,0.0,0.0,0.0,5.0
2012,7/12/2012,LK,OS,59,Western Sambo Shallow,594,0.0,1.4,1.1,0.0,0.2,0.1,3.3
2012,7/10/2012,LK,OS,61,Sand Key Shallow,611,0.0,2.6,4.6,0.0,0.0,0.0,8.6
2012,7/10/2012,LK,OS,61,Sand Key Shallow,612,0.2,2.5,4.8,0.0,0.1,0.0,7.5
2012,7/10/2012,LK,OS,61,Sand Key Shallow,613,0.0,2.9,4.7,0.0,0.2,0.0,7.5
2012,7/10/2012,LK,OS,61,Sand Key Shallow,614,0.0,1.8,4.8,0.0,0.1,0.0,6.6
2012,8/16/2012,UK,OD,70,Carysfort Deep,701,0.1,0.0,0.4,17.6,0.0,0.0,19.3
2012,8/16/2012,UK,OD,70,Carysfort Deep,702,0.0,0.0,0.0,13.7,0.0,0.0,13.7
2012,8/16/2012,UK,OD,70,Carysfort Deep,703,0.0,0.0,0.2,22.7,0.0,0.0,23.4
2012,8/16/2012,UK,OD,70,Carysfort Deep,704,0.0,0.0,0.3,28.3,0.0,0.0,39.9
2012,6/18/2012,MK,OD,74,Alligator Deep,741,0.2,1.4,11.8,1.0,0.6,0.2,21.2
2012,6/18/2012,MK,OD,74,Alligator Deep,742,0.1,0.2,6.7,0.2,0.3,0.0,10.8
2012,6/18/2012,MK,OD,74,Alligator Deep,743,0.6,1.0,10.2,1.1,1.3,0.1,17.6
2012,6/18/2012,MK,OD,74,Alligator Deep,744,0.1,1.1,10.5,0.8,1.0,0.3,19.6
2012,5/14/2012,MK,OD,75,Tennessee Deep,751,0.0,1.8,5.8,2.7,0.3,0.0,11.6
2012,5/14/2012,MK,OD,75,Tennessee Deep,752,0.1,2.4,7.4,0.7,0.2,0.0,9.2
2012,5/14/2012,MK,OD,75,Tennessee Deep,753,0.0,4.4,4.7,7.9,0.2,0.0,17.8
2012,5/14/2012,MK,OD,75,Tennessee Deep,754,0.1,1.7,4.4,7.8,0.2,0.0,12.6
2012,5/16/2012,MK,OD,76,Sombrero Deep,761,0.0,1.4,3.6,4.6,0.3,0.0,13.1
2012,5/8/2012,MK,OD,76,Sombrero Deep,762,0.0,1.0,1.8,4.9,0.4,0.0,8.5
2012,5/16/2012,MK,OD,76,Sombrero Deep,763,0.0,1.5,4.2,4.0,0.1,0.0,13.3
2012,5/16/2012,MK,OD,76,Sombrero Deep,764,0.0,1.7,4.6,4.8,0.3,0.2,17.8
2012,7/18/2012,LK,OD,79,Western Sambo Deep,791,0.1,0.6,7.7,2.4,0.2,0.0,11.9
2012,7/18/2012,LK,OD,79,Western Sambo Deep,792,0.0,2.0,7.2,2.4,0.3,0.0,13.7
2012,7/16/2012,LK,OD,79,Western Sambo Deep,793,0.2,2.7,8.2,0.2,0.0,0.1,14.0
2012,7/16/2012,LK,OD,79,Western Sambo Deep,794,0.0,1.7,8.6,0.0,0.5,0.0,13.1
2012,8/10/2012,LK,OD,81,Sand Key Deep,811,1.3,1.7,5.5,0.8,1.1,0.2,16.1
2012,8/10/2012,LK,OD,81,Sand Key Deep,812,0.6,1.2,7.9,0.2,1.0,0.0,20.6
2012,7/19/2012,LK,OD,81,Sand Key Deep,813,1.9,1.8,10.3,0.3,1.2,0.0,23.1
2012,7/19/2012,LK,OD,81,Sand Key Deep,814,0.9,3.7,9.7,0.0,1.0,0.0,28.1
2013,6/20/2013,UK,P,32,Porter Patch,321,0.0,1.9,8.7,0.0,2.2,1.7,17.0
2013,6/20/2013,UK,P,32,Porter Patch,322,0.1,0.8,5.9,0.0,0.9,0.2,11.8
2013,6/20/2013,UK,P,32,Porter Patch,323,0.0,1.6,8.3,0.0,0.7,0.4,12.8
2013,6/20/2013,UK,P,32,Porter Patch,324,0.3,1.9,8.2,0.0,0.8,0.8,14.1
2013,6/21/2013,UK,P,33,Admiral,331,0.0,4.7,4.9,0.0,0.0,0.4,8.1
2013,6/22/2013,UK,P,33,Admiral,332,0.0,3.5,1.8,0.0,0.1,0.1,6.6
2013,6/22/2013,UK,P,33,Admiral,333,0.0,3.2,4.1,0.0,0.1,0.1,9.3
2013,6/22/2013,UK,P,33,Admiral,334,0.4,11.4,16.8,0.0,0.3,0.6,35.2
2013,5/14/2013,MK,P,34,West Turtle Shoal,341,0.2,3.2,2.6,0.0,0.8,0.6,9.8
2013,5/14/2013,MK,P,34,West Turtle Shoal,342,0.1,4.6,5.2,0.0,0.5,0.9,15.5
2013,5/14/2013,MK,P,34,West Turtle Shoal,343,0.0,3.2,2.4,0.0,0.2,0.5,11.4
2013,5/14/2013,MK,P,34,West Turtle Shoal,344,0.3,4.7,4.5,0.0,0.2,0.9,12.7
2013,5/7/2013,MK,P,35,Dustan Rocks,351,0.0,2.5,9.7,0.0,0.2,0.7,17.5
2013,5/7/2013,MK,P,35,Dustan Rocks,352,0.4,2.2,5.2,0.0,0.1,0.7,14.0
2013,5/7/2013,MK,P,35,Dustan Rocks,353,0.0,1.9,4.6,0.0,0.0,0.6,11.8
2013,5/7/2013,MK,P,35,Dustan Rocks,354,0.1,1.9,5.3,0.0,0.1,0.2,9.3
2013,7/17/2013,LK,P,36,West Washer Women,361,0.1,0.4,2.0,0.0,0.8,1.3,6.4
2013,7/17/2013,LK,P,36,West Washer Women,362,0.0,1.5,3.0,0.0,0.7,1.1,8.7
2013,7/17/2013,LK,P,36,West Washer Women,363,0.0,0.4,1.1,0.0,0.3,0.7,3.8
2013,7/17/2013,LK,P,36,West Washer Women,364,0.0,0.1,2.5,0.0,0.1,1.6,7.3
2013,7/16/2013,LK,P,38,Cliff Green,381,0.0,1.3,3.1,0.0,1.6,0.7,10.5
2013,7/16/2013,LK,P,38,Cliff Green,382,0.0,1.0,1.3,0.0,1.7,1.5,9.8
2013,7/16/2013,LK,P,38,Cliff Green,383,0.1,2.6,2.7,0.0,2.3,1.4,14.3
2013,7/16/2013,LK,P,38,Cliff Green,384,0.2,1.6,1.9,0.0,0.9,2.0,11.0
2013,9/22/2013,UK,OS,50,Carysfort Shallow,501,0.0,3.8,0.1,0.0,0.1,0.0,4.7
2013,9/22/2013,UK,OS,50,Carysfort Shallow,502,0.0,1.7,0.0,0.0,0.0,0.0,1.9
2013,9/22/2013,UK,OS,50,Carysfort Shallow,503,0.0,4.7,1.8,0.0,0.3,0.0,34.5
2013,9/22/2013,UK,OS,50,Carysfort Shallow,504,0.0,14.0,0.8,0.0,0.4,0.0,27.8
2013,6/21/2013,MK,OS,54,Alligator Shallow,541,0.2,1.4,8.3,0.0,4.3,0.2,23.0
2013,6/21/2013,MK,OS,54,Alligator Shallow,542,0.4,2.3,7.8,0.0,1.5,0.1,19.7
2013,6/21/2013,MK,OS,54,Alligator Shallow,543,0.2,2.4,4.9,0.0,4.2,0.1,25.4
2013,6/20/2013,MK,OS,54,Alligator Shallow,544,0.0,2.0,5.4,0.0,3.0,0.2,22.7
2013,5/16/2013,MK,OS,55,Tennessee Shallow,551,0.0,0.6,12.1,0.0,0.4,0.0,13.6
2013,5/16/2013,MK,OS,55,Tennessee Shallow,552,0.0,0.9,15.5,0.0,1.2,0.1,24.9
2013,5/16/2013,MK,OS,55,Tennessee Shallow,553,0.2,2.2,14.4,0.0,0.6,0.3,26.3
2013,5/16/2013,MK,OS,55,Tennessee Shallow,554,0.0,2.5,10.8,0.0,1.5,0.6,47.4
2013,5/8/2013,MK,OS,56,Sombrero Shallow,561,0.0,3.3,2.8,0.0,0.0,0.4,9.0
2013,5/8/2013,MK,OS,56,Sombrero Shallow,562,0.0,5.3,4.6,0.0,0.4,0.3,11.8
2013,5/8/2013,MK,OS,56,Sombrero Shallow,563,0.0,1.4,4.8,0.0,0.5,0.7,10.1
2013,5/8/2013,MK,OS,56,Sombrero Shallow,564,0.1,7.5,1.3,0.0,0.3,0.5,10.5
2013,7/14/2013,LK,OS,59,Western Sambo Shallow,591,0.0,2.2,5.9,0.0,0.5,0.0,11.3
2013,7/14/2013,LK,OS,59,Western Sambo Shallow,592,0.0,1.8,3.6,0.0,0.0,0.0,5.8
2013,7/15/2013,LK,OS,59,Western Sambo Shallow,593,0.0,2.4,2.1,0.0,0.0,0.0,5.5
2013,7/14/2013,LK,OS,59,Western Sambo Shallow,594,0.0,1.7,1.3,0.0,1.0,0.1,3.8
2013,7/11/2013,LK,OS,61,Sand Key Shallow,611,0.0,1.0,5.5,0.0,0.0,0.1,6.5
2013,7/11/2013,LK,OS,61,Sand Key Shallow,612,0.0,0.7,3.3,0.0,0.1,0.0,4.9
2013,7/11/2013,LK,OS,61,Sand Key Shallow,613,0.0,1.3,5.4,0.0,0.4,0.1,7.5
2013,7/11/2013,LK,OS,61,Sand Key Shallow,614,0.0,1.0,3.5,0.0,0.1,0.0,5.1
2013,7/19/2013,UK,OD,70,Carysfort Deep,701,0.1,0.0,0.1,15.3,0.0,0.0,14.4
2013,7/19/2013,UK,OD,70,Carysfort Deep,702,0.0,0.0,0.0,13.6,0.0,0.0,12.6
2013,7/19/2013,UK,OD,70,Carysfort Deep,703,0.0,0.0,0.2,13.4,0.0,0.0,19.3
2013,7/19/2013,UK,OD,70,Carysfort Deep,704,0.0,0.0,0.4,21.7,0.0,0.0,20.3
2013,6/21/2013,MK,OD,74,Alligator Deep,741,0.0,0.8,8.7,1.1,0.4,0.1,18.6
2013,6/21/2013,MK,OD,74,Alligator Deep,742,0.0,0.2,4.4,0.8,0.1,0.0,9.3
2013,6/21/2013,MK,OD,74,Alligator Deep,743,0.1,0.8,8.0,0.8,0.0,0.1,12.1
2013,6/21/2013,MK,OD,74,Alligator Deep,744,0.2,0.3,8.2,0.6,0.5,0.1,15.7
2013,5/13/2013,MK,OD,75,Tennessee Deep,751,0.1,1.8,3.9,5.8,0.1,0.0,13.8
2013,5/13/2013,MK,OD,75,Tennessee Deep,752,0.2,2.3,3.0,6.4,0.0,0.0,11.8
2013,5/13/2013,MK,OD,75,Tennessee Deep,753,0.0,3.9,4.8,5.9,0.1,0.0,13.7
2013,5/13/2013,MK,OD,75,Tennessee Deep,754,0.0,2.3,4.0,5.7,0.3,0.0,9.8
2013,5/8/2013,MK,OD,76,Sombrero Deep,761,0.1,0.3,3.5,5.3,0.2,0.0,11.3
2013,5/15/2013,MK,OD,76,Sombrero Deep,762,0.0,0.3,1.8,4.6,0.4,0.0,7.9
2013,5/8/2013,MK,OD,76,Sombrero Deep,763,0.0,0.8,3.1,3.0,0.3,0.0,8.2
2013,5/15/2013,MK,OD,76,Sombrero Deep,764,0.0,0.9,5.0,5.5,0.6,0.0,17.8
2013,7/15/2013,LK,OD,79,Western Sambo Deep,791,0.0,0.1,3.7,2.4,0.0,0.0,12.9
2013,7/14/2013,LK,OD,79,Western Sambo Deep,792,0.0,0.3,7.0,1.8,0.1,0.0,11.3
2013,7/15/2013,LK,OD,79,Western Sambo Deep,793,0.3,0.0,7.5,0.3,0.2,0.1,10.8
2013,7/14/2013,LK,OD,79,Western Sambo Deep,794,0.1,0.2,7.8,0.7,0.1,0.0,11.0
2013,7/11/2013,LK,OD,81,Sand Key Deep,811,0.5,1.2,6.4,0.2,1.9,0.2,20.6
2013,7/11/2013,LK,OD,81,Sand Key Deep,812,0.3,0.1,6.1,0.3,0.8,0.0,16.4
2013,7/11/2013,LK,OD,81,Sand Key Deep,813,0.1,0.3,7.4,0.1,0.6,0.0,18.1
2013,7/11/2013,LK,OD,81,Sand Key Deep,814,0.6,1.4,11.0,0.0,1.8,0.0,30.1
2014,7/9/2014,UK,P,32,Porter Patch,321,0.1,1.4,9.9,0.0,1.2,0.6,15.9
2014,7/9/2014,UK,P,32,Porter Patch,322,0.1,1.4,6.5,0.0,1.5,0.8,13.3
2014,7/9/2014,UK,P,32,Porter Patch,323,0.1,1.9,9.0,0.0,0.9,0.5,17.1
2014,7/9/2014,UK,P,32,Porter Patch,324,0.0,2.4,8.1,0.0,1.7,1.5,17.2
2014,7/15/2014,UK,P,33,Admiral,331,0.0,11.7,8.5,0.0,0.1,0.4,23.7
2014,7/15/2014,UK,P,33,Admiral,332,0.0,6.1,3.4,0.0,0.0,0.0,12.1
2014,7/15/2014,UK,P,33,Admiral,333,0.0,10.6,6.5,0.0,0.4,0.5,23.8
2014,7/15/2014,UK,P,33,Admiral,334,0.3,14.7,20.5,0.0,0.5,0.7,41.2
2014,8/18/2014,MK,P,34,West Turtle Shoal,341,0.1,3.6,1.2,0.0,0.3,0.1,9.2
2014,8/18/2014,MK,P,34,West Turtle Shoal,342,0.1,5.2,5.3,0.0,0.7,0.6,20.1
2014,8/18/2014,MK,P,34,West Turtle Shoal,343,0.3,5.2,3.1,0.0,0.8,0.9,16.0
2014,8/18/2014,MK,P,34,West Turtle Shoal,344,0.1,5.6,4.7,0.0,1.0,1.2,17.3
2014,8/16/2014,MK,P,35,Dustan Rocks,351,0.1,3.1,6.2,0.0,0.6,0.4,15.2
2014,8/16/2014,MK,P,35,Dustan Rocks,352,0.1,2.4,5.2,0.0,0.1,1.5,15.5
2014,8/16/2014,MK,P,35,Dustan Rocks,353,0.0,2.7,6.3,0.0,0.6,1.0,17.3
2014,8/16/2014,MK,P,35,Dustan Rocks,354,0.0,3.5,13.2,0.0,0.3,0.7,20.0
2014,8/11/2014,LK,P,36,West Washer Women,361,0.1,0.4,1.1,0.0,0.6,0.9,6.1
2014,8/11/2014,LK,P,36,West Washer Women,362,0.0,1.4,1.3,0.0,0.8,0.9,7.9
2014,8/11/2014,LK,P,36,West Washer Women,363,0.0,0.3,1.1,0.0,0.3,0.9,4.8
2014,8/11/2014,LK,P,36,West Washer Women,364,0.1,0.2,1.4,0.0,0.1,1.2,6.4
2014,8/8/2014,LK,P,38,Cliff Green,381,0.1,1.6,2.5,0.0,1.5,0.9,10.8
2014,8/8/2014,LK,P,38,Cliff Green,382,0.2,1.2,1.2,0.0,1.5,1.7,9.2
2014,8/8/2014,LK,P,38,Cliff Green,383,0.0,1.6,1.9,0.0,2.0,2.1,11.6
2014,8/8/2014,LK,P,38,Cliff Green,384,0.0,1.1,1.1,0.0,0.5,1.4,7.3
2014,7/8/2014,UK,OS,50,Carysfort Shallow,501,0.0,2.5,0.1,0.0,0.1,0.0,3.3
2014,7/8/2014,UK,OS,50,Carysfort Shallow,502,0.0,1.6,0.0,0.0,0.0,0.0,1.8
2014,7/17/2014,UK,OS,50,Carysfort Shallow,503,0.0,4.8,2.2,0.0,0.4,0.0,33.1
2014,7/17/2014,UK,OS,50,Carysfort Shallow,504,0.0,12.5,0.8,0.0,0.1,0.0,31.4
2014,7/11/2014,UK,OS,52,Molasses Shallow,521,0.1,2.0,0.9,0.0,0.5,0.0,12.7
2014,7/11/2014,UK,OS,52,Molasses Shallow,522,0.0,1.7,1.7,0.0,0.0,0.0,20.3
2014,7/11/2014,UK,OS,52,Molasses Shallow,523,0.0,0.3,3.4,0.0,0.1,0.0,20.5
2014,7/8/2014,UK,OS,52,Molasses Shallow,524,0.0,0.3,1.0,0.0,0.0,0.0,14.3
2014,7/16/2014,MK,OS,54,Alligator Shallow,541,0.3,1.6,8.3,0.0,3.6,0.1,23.9
2014,7/16/2014,MK,OS,54,Alligator Shallow,542,0.6,2.9,7.4,0.0,1.6,0.0,21.9
2014,7/16/2014,MK,OS,54,Alligator Shallow,543,0.4,2.0,5.2,0.0,5.0,0.2,26.9
2014,7/16/2014,MK,OS,54,Alligator Shallow,544,0.0,1.4,4.4,0.0,3.6,0.2,23.2
2014,8/15/2014,MK,OS,55,Tennessee Shallow,551,0.0,4.0,9.2,0.1,0.3,0.3,21.0
2014,8/15/2014,MK,OS,55,Tennessee Shallow,552,0.3,2.8,12.8,0.1,1.3,0.1,27.0
2014,8/15/2014,MK,OS,55,Tennessee Shallow,553,0.0,2.6,10.4,0.0,0.7,0.7,28.2
2014,8/15/2014,MK,OS,55,Tennessee Shallow,554,0.0,3.7,11.3,0.0,1.2,0.3,39.3
2014,5/28/2014,MK,OS,56,Sombrero Shallow,561,0.0,2.7,2.5,0.0,0.1,0.2,8.3
2014,5/28/2014,MK,OS,56,Sombrero Shallow,562,0.1,4.7,4.2,0.0,1.1,0.8,14.1
2014,7/7/2014,MK,OS,56,Sombrero Shallow,563,0.0,0.6,4.5,0.0,0.5,0.4,8.4
2014,7/7/2014,MK,OS,56,Sombrero Shallow,564,0.1,7.0,1.4,0.0,0.2,0.5,10.0
2014,8/7/2014,LK,OS,59,Western Sambo Shallow,591,0.0,1.9,5.2,0.0,0.9,0.0,8.4
2014,8/7/2014,LK,OS,59,Western Sambo Shallow,592,0.0,2.3,3.1,0.0,0.2,0.0,6.4
2014,8/7/2014,LK,OS,59,Western Sambo Shallow,593,0.0,1.7,1.7,0.0,0.0,0.0,3.8
2014,8/7/2014,LK,OS,59,Western Sambo Shallow,594,0.0,1.5,0.9,0.0,0.2,0.1,3.2
2014,8/5/2014,LK,OS,61,Sand Key Shallow,611,0.0,1.0,3.6,0.0,0.0,0.1,5.0
2014,8/5/2014,LK,OS,61,Sand Key Shallow,612,0.1,1.6,3.5,0.0,0.0,0.0,4.9
2014,8/5/2014,LK,OS,61,Sand Key Shallow,613,0.0,1.8,3.6,0.0,0.3,0.0,6.3
2014,8/5/2014,LK,OS,61,Sand Key Shallow,614,0.0,1.5,3.2,0.0,0.1,0.0,5.3
2014,7/8/2014,UK,OD,70,Carysfort Deep,701,0.0,0.0,0.2,12.3,0.0,0.0,13.0
2014,7/8/2014,UK,OD,70,Carysfort Deep,702,0.0,0.0,0.0,9.6,0.0,0.0,9.4
2014,7/14/2014,UK,OD,70,Carysfort Deep,703,0.0,0.0,0.0,11.6,0.0,0.0,12.4
2014,7/14/2014,UK,OD,70,Carysfort Deep,704,0.0,0.0,0.0,14.7,0.0,0.0,18.4
2014,10/19/2014,UK,OD,72,Molasses Deep,721,0.0,0.7,4.7,0.5,0.2,0.1,18.6
2014,10/16/2014,UK,OD,72,Molasses Deep,722,0.0,0.5,7.3,1.3,0.1,0.0,15.4
2014,7/19/2014,UK,OD,72,Molasses Deep,723,0.0,0.8,4.6,10.7,0.0,0.0,21.9
2014,7/19/2014,UK,OD,72,Molasses Deep,724,0.0,0.8,5.1,8.4,0.1,0.1,18.4
2014,7/16/2014,MK,OD,74,Alligator Deep,741,0.0,0.1,6.8,1.1,0.4,0.0,14.1
2014,7/16/2014,MK,OD,74,Alligator Deep,742,0.1,0.2,4.7,1.2,0.2,0.0,12.3
2014,7/16/2014,MK,OD,74,Alligator Deep,743,0.4,0.3,6.3,0.1,0.4,0.1,15.1
2014,7/16/2014,MK,OD,74,Alligator Deep,744,0.1,0.9,6.5,0.5,1.0,0.2,10.2
2014,8/15/2014,MK,OD,75,Tennessee Deep,751,0.1,2.2,3.3,8.3,0.1,0.2,15.2
2014,8/15/2014,MK,OD,75,Tennessee Deep,752,0.1,2.7,2.6,7.3,0.0,0.0,12.9
2014,8/15/2014,MK,OD,75,Tennessee Deep,753,0.1,3.4,4.6,6.0,0.1,0.0,17.1
2014,8/15/2014,MK,OD,75,Tennessee Deep,754,0.0,1.8,3.8,3.7,0.2,0.1,12.6
2014,5/27/2014,MK,OD,76,Sombrero Deep,761,0.1,0.9,3.4,2.6,0.1,0.0,11.7
2014,5/28/2014,MK,OD,76,Sombrero Deep,762,0.0,0.6,1.3,4.5,0.5,0.0,10.9
2014,5/29/2014,MK,OD,76,Sombrero Deep,763,0.2,1.3,3.9,2.0,0.3,0.0,15.6
2014,5/29/2014,MK,OD,76,Sombrero Deep,764,0.0,1.0,3.0,3.6,0.8,0.0,16.1
2014,8/7/2014,LK,OD,79,Western Sambo Deep,791,0.2,1.3,5.1,5.2,0.1,0.1,14.5
2014,8/7/2014,LK,OD,79,Western Sambo Deep,792,0.1,2.0,7.0,7.0,0.4,0.0,19.9
2014,8/7/2014,LK,OD,79,Western Sambo Deep,793,0.2,0.8,5.3,0.1,0.1,0.1,14.2
2014,8/7/2014,LK,OD,79,Western Sambo Deep,794,0.1,1.5,6.8,0.4,0.1,0.1,12.0
2014,8/4/2014,LK,OD,81,Sand Key Deep,811,0.8,0.8,3.9,1.1,0.8,0.0,15.2
2014,8/4/2014,LK,OD,81,Sand Key Deep,812,0.7,1.0,7.2,0.5,0.9,0.0,22.1
2014,8/4/2014,LK,OD,81,Sand Key Deep,813,0.8,1.2,8.2,0.1,0.9,0.1,26.7
2014,8/4/2014,LK,OD,81,Sand Key Deep,814,0.9,3.0,9.0,0.1,1.1,0.3,25.5
2015,8/11/2015,LK,P,26,Red Dun Reef,261,0.4,1.4,3.9,0.0,1.3,1.8,15.7
2015,8/11/2015,LK,P,26,Red Dun Reef,262,0.6,1.4,2.4,0.0,2.7,2.9,15.4
2015,8/11/2015,LK,P,26,Red Dun Reef,263,0.9,1.3,4.2,0.0,1.4,2.3,16.9
2015,8/11/2015,LK,P,26,Red Dun Reef,264,0.3,1.5,1.4,0.0,2.2,2.4,10.1
2015,7/7/2015,UK,P,32,Porter Patch,321,0.1,4.2,9.5,0.0,0.5,0.8,18.4
2015,7/7/2015,UK,P,32,Porter Patch,322,0.0,2.6,7.5,0.0,1.3,0.9,15.3
2015,7/7/2015,UK,P,32,Porter Patch,323,0.0,4.2,6.8,0.0,2.0,0.4,16.9
2015,7/7/2015,UK,P,32,Porter Patch,324,0.0,3.0,7.6,0.0,0.7,0.2,14.3
2015,7/15/2015,UK,P,33,Admiral,331,0.0,12.4,6.7,0.0,0.0,0.2,19.3
2015,7/15/2015,UK,P,33,Admiral,332,0.0,7.8,3.5,0.0,0.0,0.1,11.3
2015,7/15/2015,UK,P,33,Admiral,333,0.1,22.4,8.3,0.0,0.7,0.6,34.5
2015,7/15/2015,UK,P,33,Admiral,334,0.1,13.9,14.6,0.0,1.3,0.5,32.3
2015,5/7/2015,MK,P,34,West Turtle Shoal,341,0.0,2.8,1.5,0.0,0.4,0.4,7.7
2015,5/7/2015,MK,P,34,West Turtle Shoal,342,0.3,4.9,6.6,0.0,0.7,0.7,16.6
2015,5/7/2015,MK,P,34,West Turtle Shoal,343,0.0,4.6,2.7,0.0,0.9,0.9,14.7
2015,5/7/2015,MK,P,34,West Turtle Shoal,344,0.3,6.4,5.7,0.0,0.9,1.2,20.9
2015,5/11/2015,MK,P,35,Dustan Rocks,351,0.1,3.8,9.1,0.0,1.1,0.4,17.2
2015,5/11/2015,MK,P,35,Dustan Rocks,352,0.3,2.1,6.2,0.0,0.2,1.3,14.9
2015,5/11/2015,MK,P,35,Dustan Rocks,353,0.0,3.1,5.2,0.0,0.5,1.1,16.6
2015,5/11/2015,MK,P,35,Dustan Rocks,354,0.0,3.8,12.5,0.0,0.3,0.8,22.7
2015,8/10/2015,LK,P,36,West Washer Women,361,0.1,0.3,1.2,0.0,0.5,1.0,5.5
2015,8/10/2015,LK,P,36,West Washer Women,362,0.1,2.2,2.5,0.0,1.1,2.1,11.5
2015,8/10/2015,LK,P,36,West Washer Women,363,0.2,0.5,1.2,0.0,0.4,0.9,4.6
2015,8/11/2015,LK,P,36,West Washer Women,364,0.1,0.0,1.8,0.0,0.1,1.2,6.6
2015,8/6/2015,LK,P,38,Cliff Green,381,0.0,1.4,2.4,0.0,1.7,0.8,10.5
2015,8/6/2015,LK,P,38,Cliff Green,382,0.0,1.4,1.3,0.0,1.3,2.0,9.1
2015,8/6/2015,LK,P,38,Cliff Green,383,0.1,1.4,1.6,0.0,1.9,1.8,9.8
2015,8/6/2015,LK,P,38,Cliff Green,384,0.3,1.3,2.0,0.0,0.9,1.0,8.0
2015,7/13/2015,UK,OS,50,Carysfort Shallow,501,0.0,3.3,0.0,0.0,0.1,0.0,4.9
2015,7/13/2015,UK,OS,50,Carysfort Shallow,502,0.0,1.7,0.0,0.0,0.0,0.0,2.0
2015,7/13/2015,UK,OS,50,Carysfort Shallow,503,0.0,5.5,3.2,0.0,0.4,0.0,37.9
2015,7/13/2015,UK,OS,50,Carysfort Shallow,504,0.0,14.8,0.8,0.0,0.3,0.0,31.4
2015,7/8/2015,UK,OS,52,Molasses Shallow,521,0.1,2.5,0.4,0.0,0.7,0.0,13.8
2015,7/8/2015,UK,OS,52,Molasses Shallow,522,0.0,1.9,2.7,0.0,0.2,0.0,20.8
2015,7/8/2015,UK,OS,52,Molasses Shallow,523,0.0,0.2,3.0,0.0,0.1,0.0,20.5
2015,7/8/2015,UK,OS,52,Molasses Shallow,524,0.0,0.8,2.2,0.0,0.7,0.1,18.3
2015,7/14/2015,MK,OS,54,Alligator Shallow,541,0.1,1.2,6.5,0.0,3.7,0.0,22.7
2015,7/14/2015,MK,OS,54,Alligator Shallow,542,0.0,3.9,6.7,0.0,1.4,0.0,23.1
2015,7/14/2015,MK,OS,54,Alligator Shallow,543,0.1,1.6,4.8,0.0,5.3,0.2,27.8
2015,7/14/2015,MK,OS,54,Alligator Shallow,544,0.0,1.4,4.5,0.0,3.2,0.1,22.3
2015,5/12/2015,MK,OS,55,Tennessee Shallow,551,0.0,3.9,9.0,0.1,0.8,0.3,23.0
2015,5/12/2015,MK,OS,55,Tennessee Shallow,552,0.2,3.6,13.5,0.0,1.0,0.2,28.1
2015,5/12/2015,MK,OS,55,Tennessee Shallow,553,0.1,1.7,11.3,0.0,0.5,0.4,20.5
2015,5/12/2015,MK,OS,55,Tennessee Shallow,554,0.0,3.4,10.8,0.0,3.2,0.6,36.1
2015,5/8/2015,MK,OS,56,Sombrero Shallow,561,0.0,2.3,2.4,0.0,0.0,0.4,6.6
2015,5/8/2015,MK,OS,56,Sombrero Shallow,562,0.0,4.7,2.4,0.0,0.8,0.5,9.5
2015,5/8/2015,MK,OS,56,Sombrero Shallow,563,0.1,1.2,3.6,0.0,0.5,0.4,7.1
2015,5/8/2015,MK,OS,56,Sombrero Shallow,564,0.1,6.5,1.3,0.0,0.4,0.4,8.7
2015,8/4/2015,LK,OS,59,Western Sambo Shallow,591,0.0,1.9,4.5,0.0,0.5,0.0,8.1
2015,8/4/2015,LK,OS,59,Western Sambo Shallow,592,0.0,2.6,2.9,0.0,0.3,0.0,6.6
2015,8/4/2015,LK,OS,59,Western Sambo Shallow,593,0.0,1.7,2.0,0.0,0.2,0.1,4.1
2015,8/4/2015,LK,OS,59,Western Sambo Shallow,594,0.0,1.8,0.8,0.0,0.3,0.0,3.7
2015,8/3/2015,LK,OS,61,Sand Key Shallow,611,0.0,1.2,4.2,0.0,0.0,0.0,5.3
2015,8/3/2015,LK,OS,61,Sand Key Shallow,612,0.0,2.4,3.0,0.0,0.0,0.0,5.0
2015,8/3/2015,LK,OS,61,Sand Key Shallow,613,0.0,3.5,3.4,0.0,0.5,0.0,7.9
2015,8/3/2015,LK,OS,61,Sand Key Shallow,614,0.0,2.2,3.9,0.0,0.2,0.0,6.4
2015,7/13/2015,UK,OD,70,Carysfort Deep,701,0.0,0.0,0.0,12.9,0.0,0.0,13.4
2015,7/13/2015,UK,OD,70,Carysfort Deep,702,0.0,0.0,0.0,11.7,0.0,0.0,11.7
2015,7/13/2015,UK,OD,70,Carysfort Deep,703,0.0,0.0,0.0,12.3,0.0,0.0,17.8
2015,7/13/2015,UK,OD,70,Carysfort Deep,704,0.0,0.0,0.1,17.3,0.0,0.0,21.6
2015,7/8/2015,UK,OD,72,Molasses Deep,721,0.2,0.9,5.8,7.3,0.2,0.1,23.4
2015,7/8/2015,UK,OD,72,Molasses Deep,722,0.0,0.2,7.3,3.4,0.0,0.1,18.7
2015,7/8/2015,UK,OD,72,Molasses Deep,723,0.1,0.7,5.8,6.8,0.2,0.0,17.1
2015,7/8/2015,UK,OD,72,Molasses Deep,724,0.0,0.4,5.2,7.0,0.2,0.1,28.9
2015,7/14/2015,MK,OD,74,Alligator Deep,741,0.0,0.6,6.0,0.9,0.6,0.1,18.3
2015,7/14/2015,MK,OD,74,Alligator Deep,742,0.0,0.4,4.9,1.0,0.4,0.1,12.9
2015,7/14/2015,MK,OD,74,Alligator Deep,743,0.2,1.0,6.4,1.4,0.4,0.1,17.5
2015,7/14/2015,MK,OD,74,Alligator Deep,744,0.1,0.8,7.2,1.0,0.8,0.1,19.1
2015,5/12/2015,MK,OD,75,Tennessee Deep,751,0.1,1.8,3.2,5.8,0.0,0.0,12.8
2015,5/12/2015,MK,OD,75,Tennessee Deep,752,0.1,2.8,2.6,6.1,0.0,0.0,9.2
2015,5/12/2015,MK,OD,75,Tennessee Deep,753,0.1,3.6,4.4,7.9,0.2,0.1,18.5
2015,5/12/2015,MK,OD,75,Tennessee Deep,754,0.0,1.7,3.4,2.6,0.3,0.1,8.6
2015,5/8/2015,MK,OD,76,Sombrero Deep,761,0.0,1.2,3.7,3.8,0.2,0.0,12.1
2015,5/8/2015,MK,OD,76,Sombrero Deep,762,0.0,0.9,1.7,4.5,0.3,0.0,9.9
2015,5/8/2015,MK,OD,76,Sombrero Deep,763,0.2,1.4,3.3,9.2,0.7,0.1,18.0
2015,5/8/2015,MK,OD,76,Sombrero Deep,764,0.2,0.8,3.5,7.3,0.6,0.1,14.3
2015,8/7/2015,LK,OD,79,Western Sambo Deep,791,0.0,2.0,5.3,6.2,0.3,0.0,17.8
2015,8/7/2015,LK,OD,79,Western Sambo Deep,792,0.0,1.5,5.3,6.2,0.3,0.0,16.7
2015,8/7/2015,LK,OD,79,Western Sambo Deep,793,0.2,1.4,4.9,0.2,0.2,0.1,11.6
2015,8/7/2015,LK,OD,79,Western Sambo Deep,794,0.2,2.5,6.7,0.4,0.8,0.0,14.4
2015,8/3/2015,LK,OD,81,Sand Key Deep,811,0.7,1.4,4.2,1.3,0.9,0.2,15.2
2015,8/3/2015,LK,OD,81,Sand Key Deep,812,0.5,1.9,6.3,0.5,0.5,0.2,19.8
2015,8/3/2015,LK,OD,81,Sand Key Deep,813,0.8,2.6,8.0,0.0,1.5,0.1,27.3
2015,8/3/2015,LK,OD,81,Sand Key Deep,814,1.0,4.2,9.2,0.0,1.9,0.4,24.7
2016,8/11/2016,LK,P,26,Red Dun Reef,261,0.0,1.5,4.6,0.0,1.6,2.3,14.4
2016,8/11/2016,LK,P,26,Red Dun Reef,262,0.3,0.8,1.3,0.0,0.6,1.1,9.6
2016,8/11/2016,LK,P,26,Red Dun Reef,263,0.4,1.1,2.4,0.0,2.2,3.4,17.4
2016,8/11/2016,LK,P,26,Red Dun Reef,264,0.5,1.3,1.6,0.0,1.7,2.0,9.7
2016,7/12/2016,UK,P,32,Porter Patch,321,0.7,6.7,11.0,0.0,1.4,1.8,25.4
2016,7/12/2016,UK,P,32,Porter Patch,322,0.2,2.9,7.1,0.0,1.3,0.3,13.3
2016,7/12/2016,UK,P,32,Porter Patch,323,0.0,7.4,7.2,0.0,1.3,0.8,19.7
2016,7/12/2016,UK,P,32,Porter Patch,324,0.5,3.7,7.9,0.0,0.6,0.3,18.2
2016,7/23/2016,UK,P,33,Admiral,331,0.2,11.7,6.6,0.0,0.1,0.4,24.5
2016,7/23/2016,UK,P,33,Admiral,332,0.0,10.5,4.0,0.0,0.0,0.1,15.5
2016,7/23/2016,UK,P,33,Admiral,333,0.0,15.2,7.0,0.0,0.6,0.7,30.1
2016,7/23/2016,UK,P,33,Admiral,334,0.6,13.0,15.3,0.0,1.3,0.8,41.9
2016,5/6/2016,MK,P,34,West Turtle Shoal,341,0.0,2.6,1.8,0.0,0.6,0.2,6.6
2016,5/6/2016,MK,P,34,West Turtle Shoal,342,0.1,4.5,5.2,0.0,1.2,1.2,16.0
2016,5/6/2016,MK,P,34,West Turtle Shoal,343,0.0,4.5,3.3,0.0,1.4,0.5,11.7
2016,5/6/2016,MK,P,34,West Turtle Shoal,344,0.0,5.7,4.8,0.0,1.0,1.4,18.0
2016,5/4/2016,MK,P,35,Dustan Rocks,351,0.1,3.2,5.8,0.0,1.0,0.3,14.8
2016,5/3/2016,MK,P,35,Dustan Rocks,352,0.4,1.8,4.9,0.0,0.2,1.3,15.4
2016,5/4/2016,MK,P,35,Dustan Rocks,353,0.0,2.8,5.3,0.0,0.4,1.1,16.4
2016,5/4/2016,MK,P,35,Dustan Rocks,354,0.0,2.9,7.2,0.0,0.3,0.6,15.3
2016,8/11/2016,LK,P,36,West Washer Women,361,0.1,0.3,1.9,0.0,0.5,0.8,6.1
2016,8/11/2016,LK,P,36,West Washer Women,362,0.1,1.5,2.7,0.0,0.8,1.1,8.5
2016,8/11/2016,LK,P,36,West Washer Women,363,0.2,0.3,0.8,0.0,0.3,0.9,4.7
2016,8/11/2016,LK,P,36,West Washer Women,364,0.1,0.0,1.2,0.0,0.2,1.3,5.2
2016,9/17/2016,LK,P,38,Cliff Green,381,0.0,1.3,2.5,0.0,1.0,0.7,9.5
2016,9/17/2016,LK,P,38,Cliff Green,382,0.0,1.1,1.3,0.0,1.2,1.6,8.7
2016,9/17/2016,LK,P,38,Cliff Green,383,0.0,1.3,1.8,0.0,2.0,1.2,9.8
2016,9/17/2016,LK,P,38,Cliff Green,384,0.2,1.3,1.0,0.0,0.8,0.9,7.4
2016,7/22/2016,UK,OS,50,Carysfort Shallow,501,0.0,3.6,0.1,0.0,0.1,0.0,4.4
2016,7/22/2016,UK,OS,50,Carysfort Shallow,502,0.0,2.0,0.0,0.0,0.0,0.0,2.4
2016,7/22/2016,UK,OS,50,Carysfort Shallow,503,0.0,6.6,3.1,0.0,0.3,0.1,31.0
2016,7/22/2016,UK,OS,50,Carysfort Shallow,504,0.0,12.8,0.9,0.0,0.2,0.0,29.5
2016,7/12/2016,UK,OS,52,Molasses Shallow,521,0.0,3.2,1.0,0.0,0.7,0.0,17.5
2016,7/12/2016,UK,OS,52,Molasses Shallow,522,0.0,2.3,1.6,0.0,0.2,0.0,17.1
2016,7/12/2016,UK,OS,52,Molasses Shallow,523,0.0,0.4,1.7,0.0,0.2,0.0,23.7
2016,7/12/2016,UK,OS,52,Molasses Shallow,524,0.0,1.3,1.4,0.0,0.1,0.1,17.7
2016,7/13/2016,MK,OS,54,Alligator Shallow,541,0.6,2.4,5.0,0.0,3.5,0.1,18.1
2016,7/13/2016,MK,OS,54,Alligator Shallow,542,0.1,4.0,5.6,0.0,1.6,0.0,17.3
2016,7/13/2016,MK,OS,54,Alligator Shallow,543,0.2,3.7,4.9,0.0,4.9,0.1,28.3
2016,7/13/2016,MK,OS,54,Alligator Shallow,544,0.0,2.0,3.1,0.0,3.4,0.1,22.3
2016,5/8/2016,MK,OS,55,Tennessee Shallow,551,0.0,3.4,7.7,0.1,1.1,0.3,23.1
2016,5/8/2016,MK,OS,55,Tennessee Shallow,552,0.2,2.4,12.4,0.0,1.0,0.3,25.0
2016,5/8/2016,MK,OS,55,Tennessee Shallow,553,0.1,2.7,9.1,0.0,0.5,0.6,22.0
2016,5/8/2016,MK,OS,55,Tennessee Shallow,554,0.0,5.1,13.1,0.0,1.9,0.6,36.3
2016,5/7/2016,MK,OS,56,Sombrero Shallow,561,0.0,2.8,2.4,0.0,0.0,0.3,6.7
2016,5/7/2016,MK,OS,56,Sombrero Shallow,562,0.1,5.4,2.5,0.0,0.4,0.3,9.2
2016,5/7/2016,MK,OS,56,Sombrero Shallow,563,0.0,1.7,3.6,0.0,0.5,0.4,8.3
2016,5/7/2016,MK,OS,56,Sombrero Shallow,564,0.1,6.7,1.4,0.0,0.3,0.3,7.9
2016,8/10/2016,LK,OS,59,Western Sambo Shallow,591,0.0,2.0,3.5,0.0,0.6,0.0,7.9
2016,8/10/2016,LK,OS,59,Western Sambo Shallow,592,0.0,2.3,2.3,0.0,0.1,0.0,5.8
2016,8/10/2016,LK,OS,59,Western Sambo Shallow,593,0.0,1.9,1.3,0.0,0.0,0.0,3.8
2016,8/10/2016,LK,OS,59,Western Sambo Shallow,594,0.0,1.5,1.1,0.0,0.1,0.0,3.6
2016,8/9/2016,LK,OS,61,Sand Key Shallow,611,0.0,0.1,2.8,0.1,0.0,0.0,4.0
2016,8/9/2016,LK,OS,61,Sand Key Shallow,612,0.0,1.7,2.7,0.0,0.0,0.0,4.6
2016,8/9/2016,LK,OS,61,Sand Key Shallow,613,0.0,2.9,4.2,0.0,0.4,0.0,7.8
2016,8/9/2016,LK,OS,61,Sand Key Shallow,614,0.0,0.5,3.0,0.0,0.2,0.0,4.3
2016,7/22/2016,UK,OD,70,Carysfort Deep,701,0.1,0.0,0.1,16.2,0.0,0.0,16.4
2016,7/22/2016,UK,OD,70,Carysfort Deep,702,0.0,0.0,0.0,9.1,0.0,0.0,9.3
2016,7/22/2016,UK,OD,70,Carysfort Deep,703,0.0,0.0,0.1,13.9,0.0,0.0,14.4
2016,7/22/2016,UK,OD,70,Carysfort Deep,704,0.0,0.0,0.0,15.0,0.0,0.0,16.3
2016,7/21/2016,UK,OD,72,Molasses Deep,721,0.2,1.0,7.4,0.0,0.4,0.1,22.5
2016,7/21/2016,UK,OD,72,Molasses Deep,722,0.0,0.8,6.7,3.8,0.0,0.1,17.2
2016,7/21/2016,UK,OD,72,Molasses Deep,723,0.0,0.9,5.4,5.1,0.1,0.0,18.4
2016,7/12/2016,UK,OD,72,Molasses Deep,724,0.1,0.5,5.8,0.0,0.1,0.2,17.3
2016,7/13/2016,MK,OD,74,Alligator Deep,741,0.1,1.0,6.9,1.4,0.5,0.2,17.2
2016,7/13/2016,MK,OD,74,Alligator Deep,742,0.0,1.0,6.2,0.7,0.5,0.0,12.1
2016,7/13/2016,MK,OD,74,Alligator Deep,743,0.3,1.6,5.0,1.2,0.5,0.0,14.2
2016,7/13/2016,MK,OD,74,Alligator Deep,744,0.5,1.0,7.0,0.6,1.1,0.0,19.4
2016,5/8/2016,MK,OD,75,Tennessee Deep,751,0.1,2.2,3.4,5.3,0.2,0.0,12.4
2016,5/8/2016,MK,OD,75,Tennessee Deep,752,0.1,3.0,2.8,8.7,0.1,0.0,15.1
2016,5/8/2016,MK,OD,75,Tennessee Deep,753,0.0,3.3,3.9,9.9,0.1,0.0,18.1
2016,5/8/2016,MK,OD,75,Tennessee Deep,754,0.0,2.2,2.7,3.5,0.3,0.1,9.1
2016,5/7/2016,MK,OD,76,Sombrero Deep,761,0.1,1.4,2.9,4.8,0.4,0.0,9.5
2016,5/7/2016,MK,OD,76,Sombrero Deep,762,0.0,0.4,1.4,5.2,0.2,0.0,8.1
2016,5/7/2016,MK,OD,76,Sombrero Deep,763,0.1,1.7,3.6,7.8,0.7,0.3,16.8
2016,5/7/2016,MK,OD,76,Sombrero Deep,764,0.0,1.1,3.4,5.8,0.5,0.0,15.4
2016,8/12/2016,LK,OD,79,Western Sambo Deep,791,0.0,2.1,6.3,6.9,0.0,0.0,16.7
2016,8/12/2016,LK,OD,79,Western Sambo Deep,792,0.0,1.5,6.5,7.8,0.2,0.0,13.8
2016,8/12/2016,LK,OD,79,Western Sambo Deep,793,0.1,2.3,5.0,0.0,0.0,0.0,10.2
2016,8/12/2016,LK,OD,79,Western Sambo Deep,794,0.2,1.1,6.0,0.8,0.2,0.0,12.4
2016,8/9/2016,LK,OD,81,Sand Key Deep,811,0.7,0.8,6.1,0.9,1.0,0.3,14.3
2016,8/9/2016,LK,OD,81,Sand Key Deep,812,0.8,0.4,4.7,0.1,0.9,0.0,12.9
2016,8/9/2016,LK,OD,81,Sand Key Deep,813,0.5,1.3,7.2,0.0,1.2,0.0,19.4
2016,8/9/2016,LK,OD,81,Sand Key Deep,814,0.9,1.7,9.9,0.0,1.1,0.4,25.1
2017,8/18/2017,LK,P,26,Red Dun Reef,261,0.4,1.5,2.4,0.0,1.8,1.8,14.6
2017,8/18/2017,LK,P,26,Red Dun Reef,262,0.6,1.2,1.6,0.0,2.3,2.2,12.7
2017,8/18/2017,LK,P,26,Red Dun Reef,263,0.6,1.1,1.8,0.0,3.0,4.0,16.9
2017,8/18/2017,LK,P,26,Red Dun Reef,264,0.3,1.4,1.3,0.0,1.1,2.3,10.5
2017,7/11/2017,UK,P,32,Porter Patch,321,0.4,5.9,10.1,0.0,1.1,1.2,18.9
2017,7/11/2017,UK,P,32,Porter Patch,322,0.2,3.0,8.4,0.0,0.7,0.3,16.2
2017,7/11/2017,UK,P,32,Porter Patch,323,0.6,6.0,8.3,0.0,1.1,1.1,19.6
2017,7/11/2017,UK,P,32,Porter Patch,324,0.2,4.9,6.8,0.0,0.6,0.3,15.6
2017,7/20/2017,UK,P,33,Admiral,331,0.2,13.4,8.0,0.0,0.2,0.2,23.7
2017,8/29/2017,UK,P,33,Admiral,332,0.1,11.5,4.9,0.0,0.2,0.3,19.6
2017,7/20/2017,UK,P,33,Admiral,333,0.1,22.2,7.8,0.0,0.4,0.7,36.1
2017,7/20/2017,UK,P,33,Admiral,334,0.1,15.6,18.2,0.0,2.0,0.8,48.9
2017,5/10/2017,MK,P,34,West Turtle Shoal,341,0.0,2.8,1.4,0.0,0.7,0.4,7.6
2017,5/10/2017,MK,P,34,West Turtle Shoal,342,0.1,5.0,4.9,0.0,0.7,0.2,14.3
2017,5/10/2017,MK,P,34,West Turtle Shoal,343,0.9,5.1,3.7,0.0,0.8,0.7,15.8
2017,5/10/2017,MK,P,34,West Turtle Shoal,344,0.2,5.2,3.9,0.0,0.2,1.1,17.4
2017,5/16/2017,MK,P,35,Dustan Rocks,351,0.3,2.8,6.9,0.0,1.1,0.3,13.6
2017,5/12/2017,MK,P,35,Dustan Rocks,352,0.5,2.7,7.2,0.0,0.4,0.8,15.8
2017,5/16/2017,MK,P,35,Dustan Rocks,353,0.2,3.2,6.3,0.0,0.4,0.9,14.6
2017,5/16/2017,MK,P,35,Dustan Rocks,354,0.0,3.2,9.7,0.0,0.2,0.6,16.1
2017,8/17/2017,LK,P,36,West Washer Women,361,0.0,0.4,0.9,0.0,0.9,1.1,5.1
2017,8/17/2017,LK,P,36,West Washer Women,362,0.0,0.9,1.3,0.0,0.6,1.6,7.5
2017,8/17/2017,LK,P,36,West Washer Women,363,0.0,0.2,1.3,0.0,0.3,1.0,4.7
2017,8/17/2017,LK,P,36,West Washer Women,364,0.0,0.1,1.9,0.0,0.1,1.2,6.3
2017,8/20/2017,LK,P,38,Cliff Green,381,0.3,1.7,1.8,0.0,1.5,1.5,10.1
2017,8/20/2017,LK,P,38,Cliff Green,382,0.1,1.0,1.7,0.0,1.1,2.6,8.4
2017,8/20/2017,LK,P,38,Cliff Green,383,0.1,1.6,1.7,0.0,2.6,2.1,11.8
2017,8/20/2017,LK,P,38,Cliff Green,384,0.1,0.9,1.4,0.0,0.9,1.2,6.8
2017,7/15/2017,UK,OS,50,Carysfort Shallow,501,0.0,4.2,0.0,0.0,0.2,0.0,6.1
2017,7/15/2017,UK,OS,50,Carysfort Shallow,502,0.0,2.1,0.0,0.0,0.0,0.0,2.9
2017,7/16/2017,UK,OS,50,Carysfort Shallow,503,0.0,5.8,2.5,0.0,0.2,0.0,31.9
2017,7/16/2017,UK,OS,50,Carysfort Shallow,504,0.0,16.1,1.1,0.3,0.2,0.0,38.7
2017,7/12/2017,UK,OS,52,Molasses Shallow,521,0.2,3.4,0.6,0.0,0.7,0.1,15.9
2017,7/12/2017,UK,OS,52,Molasses Shallow,522,0.0,1.6,0.9,0.0,0.0,0.0,14.7
2017,7/12/2017,UK,OS,52,Molasses Shallow,523,0.0,1.3,2.0,0.0,0.1,0.0,30.0
2017,7/12/2017,UK,OS,52,Molasses Shallow,524,0.0,1.5,1.7,0.0,0.2,0.1,16.3
2017,7/18/2017,MK,OS,54,Alligator Shallow,543,0.2,2.6,4.4,0.0,5.5,0.1,27.4
2017,7/18/2017,MK,OS,54,Alligator Shallow,544,0.0,1.5,2.8,0.0,3.6,0.2,19.5
2017,5/11/2017,MK,OS,55,Tennessee Shallow,551,0.2,2.7,6.9,0.0,0.4,0.0,17.3
2017,5/11/2017,MK,OS,55,Tennessee Shallow,552,0.4,3.1,10.1,0.0,1.0,0.3,26.7
2017,5/11/2017,MK,OS,55,Tennessee Shallow,553,0.1,2.9,9.1,0.1,1.2,0.7,30.1
2017,5/11/2017,MK,OS,55,Tennessee Shallow,554,0.0,2.7,9.6,0.0,1.5,0.4,36.5
2017,5/12/2017,MK,OS,56,Sombrero Shallow,561,0.0,2.6,1.8,0.0,0.0,0.2,7.8
2017,5/12/2017,MK,OS,56,Sombrero Shallow,562,0.0,5.9,1.6,0.0,0.6,0.7,8.9
2017,5/12/2017,MK,OS,56,Sombrero Shallow,563,0.0,1.8,3.4,0.0,0.5,0.3,7.1
2017,5/12/2017,MK,OS,56,Sombrero Shallow,564,0.1,6.8,1.0,0.0,0.1,0.5,8.4
2017,8/16/2017,LK,OS,59,Western Sambo Shallow,591,0.0,2.4,3.2,0.0,0.5,0.0,8.0
2017,8/16/2017,LK,OS,59,Western Sambo Shallow,592,0.0,2.3,2.2,0.0,0.4,0.0,5.4
2017,8/16/2017,LK,OS,59,Western Sambo Shallow,593,0.0,1.6,1.3,0.0,0.0,0.1,3.0
2017,8/16/2017,LK,OS,59,Western Sambo Shallow,594,0.0,1.7,0.9,0.0,0.4,0.1,3.2
2017,8/15/2017,LK,OS,61,Sand Key Shallow,611,0.0,2.6,4.5,0.0,0.0,0.0,8.3
2017,8/15/2017,LK,OS,61,Sand Key Shallow,612,0.0,2.6,3.0,0.0,0.0,0.0,6.3
2017,8/15/2017,LK,OS,61,Sand Key Shallow,613,0.0,4.9,4.9,0.0,0.3,0.0,9.2
2017,8/15/2017,LK,OS,61,Sand Key Shallow,614,0.0,1.8,2.9,0.0,0.2,0.0,5.5
2017,7/16/2017,UK,OD,70,Carysfort Deep,701,0.0,0.0,0.0,12.4,0.0,0.0,13.6
2017,7/16/2017,UK,OD,70,Carysfort Deep,702,0.0,0.0,0.0,9.6,0.0,0.0,11.3
2017,7/16/2017,UK,OD,70,Carysfort Deep,703,0.0,0.0,0.2,14.2,0.0,0.0,16.4
2017,7/16/2017,UK,OD,70,Carysfort Deep,704,0.0,0.1,0.1,12.4,0.0,0.0,14.1
2017,7/12/2017,UK,OD,72,Molasses Deep,721,0.2,1.5,6.2,3.3,0.2,0.2,18.8
2017,7/12/2017,UK,OD,72,Molasses Deep,722,0.1,1.0,7.1,3.4,0.0,0.1,15.3
2017,7/12/2017,UK,OD,72,Molasses Deep,723,0.0,1.3,8.7,5.8,0.1,0.1,22.8
2017,7/12/2017,UK,OD,72,Molasses Deep,724,0.0,0.9,7.1,1.6,0.0,0.1,21.0
2017,7/18/2017,MK,OD,74,Alligator Deep,743,0.2,1.2,6.3,0.5,0.4,0.0,15.1
2017,5/11/2017,MK,OD,75,Tennessee Deep,751,0.2,2.0,3.0,5.4,0.1,0.1,11.8
2017,5/11/2017,MK,OD,75,Tennessee Deep,752,0.0,3.0,2.0,7.9,0.1,0.0,14.0
2017,5/11/2017,MK,OD,75,Tennessee Deep,753,0.0,3.5,4.0,9.6,0.2,0.0,20.1
2017,5/11/2017,MK,OD,75,Tennessee Deep,754,0.0,1.8,3.2,3.6,0.4,0.0,9.3
2017,5/12/2017,MK,OD,76,Sombrero Deep,761,0.0,1.2,1.6,4.1,0.2,0.0,8.8
2017,5/12/2017,MK,OD,76,Sombrero Deep,762,0.0,0.7,1.3,4.6,0.6,0.0,8.0
2017,5/12/2017,MK,OD,76,Sombrero Deep,763,0.2,2.0,3.9,7.7,0.7,0.3,17.0
2017,5/12/2017,MK,OD,76,Sombrero Deep,764,0.1,1.2,3.7,5.9,0.9,0.3,14.8
2017,8/16/2017,LK,OD,79,Western Sambo Deep,791,0.0,0.3,4.6,6.0,0.2,0.0,13.1
2017,8/16/2017,LK,OD,79,Western Sambo Deep,792,0.1,0.8,5.5,6.7,0.4,0.1,15.9
2017,8/16/2017,LK,OD,79,Western Sambo Deep,793,0.2,2.3,6.0,0.9,0.1,0.0,15.6
2017,8/16/2017,LK,OD,79,Western Sambo Deep,794,0.0,0.5,4.4,0.6,0.4,0.0,9.5
2017,8/15/2017,LK,OD,81,Sand Key Deep,811,1.0,1.1,6.6,0.4,1.0,0.0,17.9
2017,8/15/2017,LK,OD,81,Sand Key Deep,812,0.5,0.6,6.5,0.3,0.9,0.1,16.6
2017,8/15/2017,LK,OD,81,Sand Key Deep,813,0.5,1.9,12.0,0.0,0.9,0.6,28.8
2017,8/15/2017,LK,OD,81,Sand Key Deep,814,0.2,8.2,14.3,0.0,1.4,0.5,60.1
2018,7/10/2018,UK,P,32,Porter Patch,321,,3.6,7.6,0.0,0.6,0.6,16.1
2018,7/10/2018,UK,P,32,Porter Patch,322,,1.7,6.7,0.2,0.6,0.1,11.7
2018,7/10/2018,UK,P,32,Porter Patch,323,,2.5,6.6,0.2,0.9,0.0,15.2
2018,7/10/2018,UK,P,32,Porter Patch,324,,3.5,5.9,0.0,0.2,0.2,14.2
2018,7/12/2018,UK,P,33,Admiral,331,,15.5,8.6,0.0,0.2,0.0,29.4
2018,7/12/2018,UK,P,33,Admiral,332,,14.4,6.3,0.0,0.0,0.6,23.8
2018,7/12/2018,UK,P,33,Admiral,333,,23.6,6.5,0.0,0.8,0.5,39.5
2018,7/12/2018,UK,P,33,Admiral,334,,11.0,12.9,0.8,0.9,0.3,36.7
2018,5/17/2018,MK,P,34,West Turtle Shoal,341,,2.4,1.1,0.0,0.4,0.3,6.8
2018,5/17/2018,MK,P,34,West Turtle Shoal,342,,4.7,4.4,0.0,1.0,1.3,16.5
2018,5/17/2018,MK,P,34,West Turtle Shoal,343,,4.2,3.5,0.0,1.0,0.6,14.3
2018,5/17/2018,MK,P,34,West Turtle Shoal,344,,2.6,1.6,0.0,0.4,0.4,8.0
2018,5/19/2018,MK,P,35,Dustan Rocks,351,,2.9,5.7,0.0,1.4,0.2,15.0
2018,5/19/2018,MK,P,35,Dustan Rocks,352,,2.7,3.8,0.0,0.6,1.1,16.4
2018,5/18/2018,MK,P,35,Dustan Rocks,353,,3.7,5.5,0.0,0.7,0.7,14.3
2018,5/18/2018,MK,P,35,Dustan Rocks,354,,2.8,7.1,0.0,0.1,0.4,13.6
2018,8/10/2018,LK,P,36,West Washer Women,361,,0.2,0.3,0.0,0.5,0.9,3.7
2018,8/10/2018,LK,P,36,West Washer Women,362,,1.0,1.5,0.0,0.6,1.8,6.5
2018,8/10/2018,LK,P,36,West Washer Women,363,,0.4,0.7,0.0,0.6,0.6,4.7
2018,8/10/2018,LK,P,36,West Washer Women,364,,0.0,0.7,0.0,0.3,1.1,3.4
2018,8/9/2018,LK,P,38,Cliff Green,381,,1.1,1.6,0.0,1.3,0.7,8.7
2018,8/9/2018,LK,P,38,Cliff Green,382,,1.0,1.6,0.0,0.8,2.8,8.0
2018,8/9/2018,LK,P,38,Cliff Green,383,,1.3,0.9,0.0,1.7,0.9,8.7
2018,8/9/2018,LK,P,38,Cliff Green,384,,0.7,0.9,0.0,0.6,0.7,4.7
2018,7/13/2018,UK,OS,50,Carysfort Shallow,501,,3.7,0.0,0.4,0.2,0.0,4.6
2018,7/13/2018,UK,OS,50,Carysfort Shallow,502,,2.5,0.0,0.5,0.0,0.0,3.3
2018,7/13/2018,UK,OS,50,Carysfort Shallow,503,,5.3,2.8,0.0,0.2,0.1,41.8
2018,7/13/2018,UK,OS,50,Carysfort Shallow,504,,15.8,0.7,0.0,0.3,0.1,38.5
2018,7/10/2018,UK,OS,52,Molasses Shallow,521,,3.5,1.0,0.4,0.0,0.0,15.7
2018,7/10/2018,UK,OS,52,Molasses Shallow,522,,1.6,1.4,0.2,0.2,0.0,13.0
2018,7/11/2018,UK,OS,52,Molasses Shallow,523,,0.4,1.1,0.0,0.0,0.0,18.1
2018,7/11/2018,UK,OS,52,Molasses Shallow,524,,0.9,1.0,0.0,0.2,0.0,15.4
2018,7/16/2018,MK,OS,54,Alligator Shallow,541,,1.6,2.1,0.0,0.7,0.0,6.1
2018,7/16/2018,MK,OS,54,Alligator Shallow,542,,2.2,3.8,0.0,0.4,0.0,8.6
2018,7/16/2018,MK,OS,54,Alligator Shallow,543,,4.3,6.4,0.0,2.3,0.0,17.5
2018,7/16/2018,MK,OS,54,Alligator Shallow,544,,1.9,3.3,0.0,0.6,0.0,12.2
2018,5/18/2018,MK,OS,55,Tennessee Shallow,551,,1.3,4.4,0.0,0.3,0.0,8.9
2018,5/18/2018,MK,OS,55,Tennessee Shallow,552,,0.7,3.9,0.0,0.2,0.0,8.6
2018,5/18/2018,MK,OS,55,Tennessee Shallow,553,,0.6,4.3,0.0,0.2,0.0,9.5
2018,5/18/2018,MK,OS,55,Tennessee Shallow,554,,0.6,6.0,0.0,0.1,0.0,16.4
2018,5/23/2018,MK,OS,56,Sombrero Shallow,561,,1.9,1.9,0.0,0.2,0.0,5.6
2018,5/23/2018,MK,OS,56,Sombrero Shallow,562,,5.5,2.1,0.0,0.4,0.0,8.6
2018,5/23/2018,MK,OS,56,Sombrero Shallow,563,,1.0,2.7,0.0,0.4,0.1,5.6
2018,5/23/2018,MK,OS,56,Sombrero Shallow,564,,5.7,0.8,0.0,0.1,0.3,7.1
2018,8/8/2018,LK,OS,59,Western Sambo Shallow,591,,3.6,2.7,0.0,0.4,0.0,8.8
2018,8/8/2018,LK,OS,59,Western Sambo Shallow,592,,2.0,1.8,0.0,0.2,0.0,4.7
2018,8/8/2018,LK,OS,59,Western Sambo Shallow,593,,1.9,1.1,0.0,0.0,0.1,3.1
2018,8/8/2018,LK,OS,59,Western Sambo Shallow,594,,1.9,0.7,0.0,0.4,0.0,3.0
2018,8/7/2018,LK,OS,61,Sand Key Shallow,611,,3.4,5.2,0.0,0.1,0.1,10.2
2018,8/7/2018,LK,OS,61,Sand Key Shallow,612,,2.3,1.9,0.0,0.1,0.0,4.8
2018,8/7/2018,LK,OS,61,Sand Key Shallow,613,,3.9,4.4,0.0,0.4,0.0,9.3
2018,8/7/2018,LK,OS,61,Sand Key Shallow,614,,0.8,2.6,0.0,0.1,0.0,4.1
2018,7/13/2018,UK,OD,70,Carysfort Deep,701,,0.0,0.0,11.1,0.0,0.0,12.3
2018,7/13/2018,UK,OD,70,Carysfort Deep,702,,0.0,0.0,14.7,0.0,0.0,15.1
2018,7/13/2018,UK,OD,70,Carysfort Deep,703,,0.0,0.3,10.5,0.0,0.0,13.3
2018,7/13/2018,UK,OD,70,Carysfort Deep,704,,0.0,0.3,10.6,0.0,0.0,13.7
2018,7/14/2018,UK,OD,72,Molasses Deep,721,,2.2,8.6,0.2,0.1,0.0,18.0
2018,7/14/2018,UK,OD,72,Molasses Deep,722,,1.0,5.5,1.0,0.0,0.0,12.9
2018,7/13/2018,UK,OD,72,Molasses Deep,723,,1.4,10.5,0.6,0.1,0.0,20.6
2018,7/14/2018,UK,OD,72,Molasses Deep,724,,1.8,8.9,1.9,0.1,0.1,21.6
2018,7/16/2018,MK,OD,74,Alligator Deep,741,,0.1,3.9,0.0,0.1,0.0,10.5
2018,7/16/2018,MK,OD,74,Alligator Deep,742,,0.5,5.4,0.0,0.4,0.1,8.8
2018,7/16/2018,MK,OD,74,Alligator Deep,743,,0.3,3.8,0.0,0.2,0.0,9.7
2018,7/16/2018,MK,OD,74,Alligator Deep,744,,1.2,6.9,0.3,0.8,0.0,17.7
2018,5/18/2018,MK,OD,75,Tennessee Deep,751,,1.2,1.6,2.1,0.3,0.1,5.9
2018,5/18/2018,MK,OD,75,Tennessee Deep,752,,1.5,1.0,3.3,0.0,0.0,6.5
2018,5/18/2018,MK,OD,75,Tennessee Deep,753,,2.0,2.8,3.0,0.1,0.0,9.4
2018,5/18/2018,MK,OD,75,Tennessee Deep,754,,1.0,1.8,1.1,0.3,0.0,4.9
2018,5/19/2018,MK,OD,76,Sombrero Deep,761,,0.7,1.3,2.2,0.2,0.0,6.0
2018,5/19/2018,MK,OD,76,Sombrero Deep,762,,0.5,1.0,1.7,0.1,0.0,3.7
2018,5/19/2018,MK,OD,76,Sombrero Deep,763,,0.5,1.2,2.7,0.4,0.1,6.7
2018,5/19/2018,MK,OD,76,Sombrero Deep,764,,0.3,2.5,3.6,0.4,0.0,9.1
2018,8/8/2018,LK,OD,79,Western Sambo Deep,791,,1.0,4.7,5.4,0.0,0.0,13.9
2018,8/8/2018,LK,OD,79,Western Sambo Deep,792,,0.8,4.0,4.5,0.3,0.0,13.1
2018,8/8/2018,LK,OD,79,Western Sambo Deep,793,,1.6,5.3,0.0,0.0,0.0,11.0
2018,8/8/2018,LK,OD,79,Western Sambo Deep,794,,0.6,4.0,0.4,0.1,0.0,7.9
2018,8/7/2018,LK,OD,81,Sand Key Deep,811,,2.4,8.9,0.3,1.7,0.2,23.1
2018,8/7/2018,LK,OD,81,Sand Key Deep,812,,1.3,5.6,0.4,0.8,0.0,18.0
2018,8/7/2018,LK,OD,81,Sand Key Deep,813,,3.8,12.5,0.0,1.0,0.1,27.6
2018,8/7/2018,LK,OD,81,Sand Key Deep,814,,4.9,14.5,0.3,1.8,0.2,37.7
2019,6/18/2019,UK,P,32,Porter Patch,321,,2.6,7.5,0.0,0.5,1.1,16.1
2019,6/18/2019,UK,P,32,Porter Patch,322,,1.6,6.8,0.0,0.6,1.4,14.2
2019,6/18/2019,UK,P,32,Porter Patch,323,,0.9,5.4,0.0,0.9,0.6,12.2
2019,6/18/2019,UK,P,32,Porter Patch,324,,1.7,5.9,0.0,0.9,0.3,12.6
2019,6/19/2019,UK,P,33,Admiral,331,,17.2,8.2,0.0,0.1,0.0,30.3
2019,6/19/2019,UK,P,33,Admiral,332,,15.3,5.2,0.0,0.1,0.7,24.7
2019,6/19/2019,UK,P,33,Admiral,333,,19.9,6.9,0.0,0.4,0.5,36.1
2019,6/19/2019,UK,P,33,Admiral,334,,12.9,14.3,0.0,2.3,0.9,44.4
2019,5/17/2019,MK,P,34,West Turtle Shoal,341,,2.2,1.5,0.0,0.3,0.4,6.7
2019,5/17/2019,MK,P,34,West Turtle Shoal,342,,4.6,4.8,0.0,1.2,0.6,15.1
2019,5/17/2019,MK,P,34,West Turtle Shoal,343,,6.7,5.0,0.0,1.8,0.6,21.5
2019,5/17/2019,MK,P,34,West Turtle Shoal,344,,3.8,2.0,0.0,0.8,0.5,12.4
2019,5/14/2019,MK,P,35,Dustan Rocks,351,,3.6,5.1,0.0,1.0,0.3,13.7
2019,5/16/2019,MK,P,35,Dustan Rocks,352,,3.5,5.0,0.0,0.8,1.6,20.0
2019,5/16/2019,MK,P,35,Dustan Rocks,353,,3.9,7.0,0.0,0.5,0.6,15.5
2019,5/16/2019,MK,P,35,Dustan Rocks,354,,3.4,8.1,0.0,0.0,0.2,15.1
2019,7/12/2019,LK,P,36,West Washer Women,361,,0.4,0.4,0.0,1.0,0.9,5.0
2019,7/12/2019,LK,P,36,West Washer Women,362,,0.8,0.4,0.0,0.5,1.5,6.4
2019,7/12/2019,LK,P,36,West Washer Women,363,,0.5,0.7,0.0,0.4,0.6,4.4
2019,7/12/2019,LK,P,36,West Washer Women,364,,0.0,1.0,0.0,0.4,1.0,6.3
2019,7/16/2019,LK,P,38,Cliff Green,381,,1.2,2.1,0.0,1.0,0.7,9.7
2019,7/16/2019,LK,P,38,Cliff Green,382,,0.7,1.5,0.0,1.1,2.2,7.7
2019,7/16/2019,LK,P,38,Cliff Green,383,,1.2,1.7,0.0,0.6,1.7,11.0
2019,7/16/2019,LK,P,38,Cliff Green,384,,0.5,1.0,0.0,0.4,0.5,4.4
2019,6/12/2019,UK,OS,50,Carysfort Shallow,501,,4.7,0.0,0.0,0.1,0.0,6.4
2019,6/12/2019,UK,OS,50,Carysfort Shallow,502,,3.5,0.0,0.0,0.0,0.0,4.3
2019,6/12/2019,UK,OS,50,Carysfort Shallow,503,,5.0,2.7,0.0,0.3,0.0,41.2
2019,6/12/2019,UK,OS,50,Carysfort Shallow,504,,12.6,0.4,0.0,0.3,0.0,30.4
2019,6/11/2019,UK,OS,52,Molasses Shallow,521,,4.0,1.2,0.0,0.2,0.0,17.7
2019,6/11/2019,UK,OS,52,Molasses Shallow,522,,2.9,3.4,0.0,0.1,0.0,21.4
2019,6/11/2019,UK,OS,52,Molasses Shallow,523,,0.9,4.7,0.0,0.0,0.0,24.1
2019,6/11/2019,UK,OS,52,Molasses Shallow,524,,0.8,3.0,0.0,0.2,0.0,23.2
2019,6/14/2019,MK,OS,54,Alligator Shallow,541,,10.3,12.0,0.0,0.8,0.0,26.8
2019,6/14/2019,MK,OS,54,Alligator Shallow,542,,10.5,9.2,0.0,0.4,0.0,25.7
2019,6/14/2019,MK,OS,54,Alligator Shallow,543,,13.8,14.1,0.0,2.1,0.0,40.9
2019,6/14/2019,MK,OS,54,Alligator Shallow,544,,6.6,5.5,0.0,0.7,0.0,17.5
2019,5/15/2019,MK,OS,55,Tennessee Shallow,551,,4.0,14.1,0.0,0.4,0.2,24.8
2019,5/15/2019,MK,OS,55,Tennessee Shallow,552,,5.7,16.4,0.0,0.2,0.1,34.2
2019,5/15/2019,MK,OS,55,Tennessee Shallow,553,,1.6,10.9,0.0,0.1,0.0,19.6
2019,5/15/2019,MK,OS,55,Tennessee Shallow,554,,1.1,16.2,0.0,0.1,0.0,26.0
2019,5/20/2019,MK,OS,56,Sombrero Shallow,561,,3.4,4.4,0.0,0.2,0.1,12.5
2019,5/18/2019,MK,OS,56,Sombrero Shallow,562,,6.5,3.8,0.0,0.7,0.0,12.5
2019,5/20/2019,MK,OS,56,Sombrero Shallow,563,,4.1,4.9,0.0,0.1,0.3,12.2
2019,5/20/2019,MK,OS,56,Sombrero Shallow,564,,7.5,0.3,0.0,0.3,0.3,8.7
2019,7/9/2019,LK,OS,59,Western Sambo Shallow,591,,3.3,4.7,0.0,0.4,0.0,10.3
2019,7/9/2019,LK,OS,59,Western Sambo Shallow,592,,2.7,1.6,0.0,0.3,0.0,5.9
2019,7/9/2019,LK,OS,59,Western Sambo Shallow,593,,1.6,1.2,0.0,0.1,0.0,3.0
2019,7/9/2019,LK,OS,59,Western Sambo Shallow,594,,1.6,0.9,0.0,0.2,0.0,2.7
2019,7/10/2019,LK,OS,61,Sand Key Shallow,611,,3.8,8.8,0.0,0.0,0.0,14.6
2019,7/10/2019,LK,OS,61,Sand Key Shallow,612,,3.0,2.9,0.0,0.0,0.0,6.7
2019,7/10/2019,LK,OS,61,Sand Key Shallow,613,,4.4,5.6,0.0,0.3,0.0,11.4
2019,7/10/2019,LK,OS,61,Sand Key Shallow,614,,1.5,4.3,0.0,0.3,0.0,7.2
2019,6/12/2019,UK,OD,70,Carysfort Deep,701,,0.0,0.2,12.6,0.0,0.0,13.6
2019,6/12/2019,UK,OD,70,Carysfort Deep,702,,0.0,0.0,16.4,0.0,0.0,17.2
2019,6/12/2019,UK,OD,70,Carysfort Deep,703,,0.0,1.0,17.2,0.0,0.0,19.8
2019,6/12/2019,UK,OD,70,Carysfort Deep,704,,0.0,0.2,10.8,0.0,0.0,12.9
2019,6/11/2019,UK,OD,72,Molasses Deep,721,,1.1,13.5,0.3,0.1,0.0,26.4
2019,6/11/2019,UK,OD,72,Molasses Deep,722,,0.7,10.3,2.2,0.0,0.0,21.0
2019,6/11/2019,UK,OD,72,Molasses Deep,723,,0.9,9.3,3.5,0.0,0.0,23.0
2019,6/11/2019,UK,OD,72,Molasses Deep,724,,0.7,7.4,7.8,0.1,0.0,23.6
2019,6/14/2019,MK,OD,74,Alligator Deep,741,,0.8,8.3,0.2,0.1,0.0,18.4
2019,6/14/2019,MK,OD,74,Alligator Deep,742,,0.4,3.1,0.2,0.2,0.0,6.1
2019,6/14/2019,MK,OD,74,Alligator Deep,743,,2.0,8.6,0.3,0.2,0.0,18.5
2019,6/14/2019,MK,OD,74,Alligator Deep,744,,3.0,8.7,0.0,0.5,0.0,27.4
2019,5/15/2019,MK,OD,75,Tennessee Deep,751,,1.8,2.3,1.4,0.1,0.0,6.4
2019,5/15/2019,MK,OD,75,Tennessee Deep,752,,1.4,1.8,3.2,0.0,0.0,7.8
2019,5/15/2019,MK,OD,75,Tennessee Deep,753,,1.9,4.7,1.9,0.1,0.0,9.6
2019,5/15/2019,MK,OD,75,Tennessee Deep,754,,1.5,2.8,0.1,0.2,0.0,5.3
2019,5/20/2019,MK,OD,76,Sombrero Deep,761,,0.2,3.3,5.3,0.2,0.0,14.4
2019,5/20/2019,MK,OD,76,Sombrero Deep,762,,0.6,1.3,2.6,0.1,0.0,9.2
2019,5/20/2019,MK,OD,76,Sombrero Deep,763,,1.1,2.8,3.9,0.7,0.0,13.6
2019,5/20/2019,MK,OD,76,Sombrero Deep,764,,1.2,3.2,3.3,0.9,0.0,12.2
2019,7/17/2019,LK,OD,79,Western Sambo Deep,791,,1.0,3.9,4.0,0.0,0.0,12.4
2019,7/17/2019,LK,OD,79,Western Sambo Deep,792,,1.6,5.5,4.9,0.3,0.0,16.2
2019,7/19/2019,LK,OD,79,Western Sambo Deep,793,,4.9,11.0,0.1,0.2,0.0,22.5
2019,7/19/2019,LK,OD,79,Western Sambo Deep,794,,4.1,10.9,0.3,0.4,0.0,20.7
2019,7/10/2019,LK,OD,81,Sand Key Deep,811,,1.1,11.6,0.2,1.9,0.0,25.4
2019,7/10/2019,LK,OD,81,Sand Key Deep,812,,2.0,11.9,0.1,1.3,0.1,29.8
2019,7/17/2019,LK,OD,81,Sand Key Deep,813,,7.6,24.2,0.3,2.5,0.0,58.8
2019,7/17/2019,LK,OD,81,Sand Key Deep,814,,4.6,15.5,0.2,1.9,0.0,46.5
2020,6/11/2020,UK,P,32,Porter Patch,321,,2.3,7.6,0.0,1.5,1.8,16.5
2020,6/11/2020,UK,P,32,Porter Patch,322,,2.8,6.8,0.0,1.6,0.3,16.1
2020,6/11/2020,UK,P,32,Porter Patch,323,,1.9,6.6,0.0,0.7,1.3,16.3
2020,6/11/2020,UK,P,32,Porter Patch,324,,2.2,5.3,0.0,1.8,0.9,14.1
2020,6/11/2020,UK,P,33,Admiral,331,,10.6,6.8,0.0,0.6,0.2,24.0
2020,6/11/2020,UK,P,33,Admiral,332,,13.7,4.7,0.0,0.6,0.6,22.9
2020,6/11/2020,UK,P,33,Admiral,333,,19.7,6.9,0.0,0.7,0.9,35.4
2020,6/11/2020,UK,P,33,Admiral,334,,15.9,17.5,0.0,2.4,1.3,53.1
2020,10/1/2020,MK,P,34,West Turtle Shoal,341,,1.8,1.2,0.0,0.4,0.4,7.2
2020,10/1/2020,MK,P,34,West Turtle Shoal,342,,5.3,4.5,0.0,1.0,0.9,15.6
2020,10/31/2020,MK,P,34,West Turtle Shoal,343,,7.1,5.4,0.0,1.8,0.4,22.7
2020,10/11/2020,MK,P,34,West Turtle Shoal,344,,3.8,2.2,0.0,0.6,0.0,11.8
2020,9/29/2020,MK,P,35,Dustan Rocks,351,,3.7,4.3,0.0,0.9,0.3,14.2
2020,9/29/2020,MK,P,35,Dustan Rocks,352,,3.2,3.7,0.0,0.5,1.2,15.0
2020,9/29/2020,MK,P,35,Dustan Rocks,353,,4.4,7.0,0.0,0.1,0.5,17.7
2020,9/29/2020,MK,P,35,Dustan Rocks,354,,3.7,5.5,0.0,0.0,0.2,13.3
2020,9/17/2020,LK,P,36,West Washer Women,361,,0.3,1.1,0.0,0.5,0.3,5.9
2020,9/17/2020,LK,P,36,West Washer Women,362,,0.9,1.4,0.0,1.2,1.4,7.6
2020,9/17/2020,LK,P,36,West Washer Women,363,,0.2,0.3,0.0,0.6,0.8,3.1
2020,9/17/2020,LK,P,36,West Washer Women,364,,0.0,1.0,0.0,0.0,1.3,6.0
2020,9/16/2020,LK,P,38,Cliff Green,381,,1.1,1.5,0.0,1.6,0.6,8.3
2020,9/16/2020,LK,P,38,Cliff Green,382,,0.9,1.1,0.0,1.1,2.4,8.2
2020,9/15/2020,LK,P,38,Cliff Green,383,,0.6,1.0,0.0,1.2,1.4,8.4
2020,9/15/2020,LK,P,38,Cliff Green,384,,0.6,1.4,0.0,0.3,0.9,6.1
2020,6/15/2020,UK,OS,50,Carysfort Shallow,501,,8.6,0.0,0.0,0.3,0.0,10.8
2020,6/15/2020,UK,OS,50,Carysfort Shallow,502,,5.1,0.1,0.0,0.0,0.0,7.1
2020,6/15/2020,UK,OS,50,Carysfort Shallow,503,,7.6,2.1,0.9,0.3,0.0,41.9
2020,6/15/2020,UK,OS,50,Carysfort Shallow,504,,13.2,2.2,0.0,0.3,0.0,30.6
2020,6/10/2020,UK,OS,52,Molasses Shallow,521,,8.8,1.7,0.0,0.4,0.0,31.5
2020,6/16/2020,UK,OS,52,Molasses Shallow,522,,4.5,4.3,0.0,0.1,0.0,35.1
2020,6/16/2020,UK,OS,52,Molasses Shallow,523,,2.9,4.5,0.0,0.0,0.0,43.6
2020,6/16/2020,UK,OS,52,Molasses Shallow,524,,2.5,3.9,0.0,0.1,0.0,36.1
2020,6/13/2020,MK,OS,54,Alligator Shallow,541,,14.0,13.4,0.0,1.2,0.0,37.7
2020,6/13/2020,MK,OS,54,Alligator Shallow,542,,14.0,11.5,0.0,1.3,0.0,32.4
2020,6/13/2020,MK,OS,54,Alligator Shallow,543,,18.0,17.4,0.0,2.0,0.0,48.5
2020,6/13/2020,MK,OS,54,Alligator Shallow,544,,16.1,12.0,0.0,1.6,0.0,39.4
2020,9/20/2020,MK,OS,55,Tennessee Shallow,551,,7.3,13.9,0.0,0.0,0.1,27.6
2020,9/20/2020,MK,OS,55,Tennessee Shallow,552,,7.5,18.5,0.0,0.1,0.0,36.2
2020,9/20/2020,MK,OS,55,Tennessee Shallow,553,,7.5,17.9,0.0,0.1,0.1,33.8
2020,9/20/2020,MK,OS,55,Tennessee Shallow,554,,9.1,18.7,0.0,0.3,0.0,44.3
2020,9/19/2020,MK,OS,56,Sombrero Shallow,561,,2.2,3.6,0.0,0.0,0.0,8.1
2020,9/19/2020,MK,OS,56,Sombrero Shallow,562,,5.9,2.5,0.0,0.1,0.2,9.4
2020,9/19/2020,MK,OS,56,Sombrero Shallow,563,,3.0,5.8,0.0,0.0,0.4,11.0
2020,9/19/2020,MK,OS,56,Sombrero Shallow,564,,7.2,0.4,0.0,0.1,0.2,8.2
2020,7/14/2020,LK,OS,59,Western Sambo Shallow,591,,7.2,9.8,0.0,0.6,0.0,19.9
2020,7/14/2020,LK,OS,59,Western Sambo Shallow,592,,2.1,1.9,0.0,0.4,0.0,5.6
2020,7/14/2020,LK,OS,59,Western Sambo Shallow,593,,1.8,1.5,0.0,0.0,0.0,3.4
2020,7/14/2020,LK,OS,59,Western Sambo Shallow,594,,2.0,1.0,0.0,0.0,0.0,3.1
2020,7/16/2020,LK,OS,61,Sand Key Shallow,611,,4.7,11.1,0.0,0.0,0.0,17.7
2020,7/16/2020,LK,OS,61,Sand Key Shallow,612,,4.3,2.7,0.0,0.0,0.0,7.7
2020,7/16/2020,LK,OS,61,Sand Key Shallow,613,,4.8,8.1,0.0,0.3,0.0,13.8
2020,7/16/2020,LK,OS,61,Sand Key Shallow,614,,2.5,5.1,0.0,0.2,0.0,8.8
2020,6/15/2020,UK,OD,70,Carysfort Deep,701,,0.0,0.0,11.2,0.0,0.0,12.4
2020,6/15/2020,UK,OD,70,Carysfort Deep,702,,0.0,0.0,16.4,0.0,0.0,17.3
2020,6/15/2020,UK,OD,70,Carysfort Deep,703,,0.3,0.4,13.0,0.0,0.0,15.0
2020,6/15/2020,UK,OD,70,Carysfort Deep,704,,0.0,0.3,9.0,0.0,0.0,11.4
2020,6/16/2020,UK,OD,72,Molasses Deep,721,,1.2,9.5,4.3,0.1,0.0,28.8
2020,6/16/2020,UK,OD,72,Molasses Deep,722,,3.0,10.0,5.8,0.0,0.0,26.3
2020,6/16/2020,UK,OD,72,Molasses Deep,723,,1.0,8.8,8.0,0.1,0.0,23.3
2020,6/16/2020,UK,OD,72,Molasses Deep,724,,1.0,9.1,23.3,0.1,0.1,40.8
2020,6/13/2020,MK,OD,74,Alligator Deep,741,,2.5,11.7,0.7,0.5,0.0,27.0
2020,6/13/2020,MK,OD,74,Alligator Deep,742,,2.3,9.1,0.0,0.2,0.0,15.7
2020,6/13/2020,MK,OD,74,Alligator Deep,743,,5.1,17.6,1.0,0.5,0.0,44.4
2020,6/13/2020,MK,OD,74,Alligator Deep,744,,3.1,12.7,0.1,0.6,0.2,26.4
2020,9/20/2020,MK,OD,75,Tennessee Deep,751,,1.5,2.1,0.6,0.0,0.0,6.2
2020,9/20/2020,MK,OD,75,Tennessee Deep,752,,1.4,1.2,1.4,0.0,0.0,5.9
2020,9/20/2020,MK,OD,75,Tennessee Deep,753,,3.0,8.8,1.4,0.0,0.0,15.3
2020,9/20/2020,MK,OD,75,Tennessee Deep,754,,1.3,1.0,0.7,0.2,0.0,4.4
2020,10/12/2020,MK,OD,76,Sombrero Deep,761,,1.3,3.7,3.2,0.3,0.0,10.3
2020,10/12/2020,MK,OD,76,Sombrero Deep,762,,0.6,2.9,0.4,0.0,0.0,5.9
2020,10/12/2020,MK,OD,76,Sombrero Deep,763,,0.6,2.9,2.8,0.5,0.0,9.6
2020,10/12/2020,MK,OD,76,Sombrero Deep,764,,0.7,3.1,1.1,0.0,0.0,8.4
2020,7/14/2020,LK,OD,79,Western Sambo Deep,791,,1.6,5.0,2.0,0.1,0.0,13.0
2020,7/14/2020,LK,OD,79,Western Sambo Deep,792,,1.4,7.3,5.4,0.3,0.0,17.7
2020,7/14/2020,LK,OD,79,Western Sambo Deep,793,,2.1,13.6,0.4,0.0,0.1,20.9
2020,7/14/2020,LK,OD,79,Western Sambo Deep,794,,1.3,12.2,0.0,0.2,0.0,17.8
2020,7/16/2020,LK,OD,81,Sand Key Deep,811,,3.5,16.1,0.1,1.2,0.0,32.3
2020,7/16/2020,LK,OD,81,Sand Key Deep,812,,3.2,11.9,0.7,1.2,0.0,29.8
2020,7/16/2020,LK,OD,81,Sand Key Deep,813,,3.6,24.7,0.0,1.5,0.3,47.5
2020,7/16/2020,LK,OD,81,Sand Key Deep,814,,6.2,15.4,0.1,0.9,1.2,42.6
2021,6/10/2021,UK,P,32,Porter Patch,321,,1.5,7.9,0.0,2.4,0.0,15.2
2021,6/10/2021,UK,P,32,Porter Patch,322,,2.1,6.4,0.0,1.4,0.1,13.9
2021,6/10/2021,UK,P,32,Porter Patch,323,,1.4,5.4,0.0,1.5,0.0,12.3
2021,6/10/2021,UK,P,32,Porter Patch,324,,2.0,4.6,0.0,0.6,0.0,11.4
2021,6/13/2021,UK,P,33,Admiral,331,,13.4,5.4,0.0,0.5,0.2,22.2
2021,6/13/2021,UK,P,33,Admiral,332,,16.0,5.8,0.0,0.6,0.3,26.9
2021,6/13/2021,UK,P,33,Admiral,333,,24.6,5.9,0.0,0.8,0.9,40.3
2021,6/13/2021,UK,P,33,Admiral,334,,17.9,15.1,0.0,2.6,0.9,51.1
2021,5/6/2021,MK,P,34,West Turtle Shoal,341,,2.3,1.3,0.0,0.5,0.4,6.8
2021,5/6/2021,MK,P,34,West Turtle Shoal,342,,4.1,3.9,0.0,1.2,0.5,12.4
2021,5/6/2021,MK,P,34,West Turtle Shoal,343,,4.8,3.7,0.0,1.2,0.5,14.4
2021,5/6/2021,MK,P,34,West Turtle Shoal,344,,3.5,3.5,0.0,0.3,0.0,11.4
2021,5/5/2021,MK,P,35,Dustan Rocks,351,,4.5,5.9,0.0,1.8,0.4,16.6
2021,5/5/2021,MK,P,35,Dustan Rocks,352,,2.6,4.3,0.0,0.2,1.3,14.2
2021,5/5/2021,MK,P,35,Dustan Rocks,353,,4.9,6.9,0.0,1.1,0.8,18.8
2021,5/5/2021,MK,P,35,Dustan Rocks,354,,4.0,4.9,0.0,0.2,0.2,13.6
2021,7/14/2021,LK,P,36,West Washer Women,361,,0.2,0.6,0.0,0.3,0.7,4.2
2021,7/14/2021,LK,P,36,West Washer Women,362,,0.7,1.2,0.0,0.7,0.7,5.5
2021,7/14/2021,LK,P,36,West Washer Women,363,,0.4,0.5,0.0,0.7,0.3,3.7
2021,7/14/2021,LK,P,36,West Washer Women,364,,0.0,0.8,0.0,0.0,1.0,4.9
2021,7/17/2021,LK,P,38,Cliff Green,381,,1.2,2.5,0.0,1.7,0.2,10.2
2021,7/17/2021,LK,P,38,Cliff Green,382,,0.9,1.5,0.0,1.4,1.1,7.5
2021,7/17/2021,LK,P,38,Cliff Green,383,,0.5,0.9,0.0,1.3,1.3,6.7
2021,7/17/2021,LK,P,38,Cliff Green,384,,0.4,1.0,0.0,0.5,0.7,4.7
2021,6/15/2021,UK,OS,50,Carysfort Shallow,501,,5.2,0.0,0.0,0.2,0.0,7.5
2021,6/15/2021,UK,OS,50,Carysfort Shallow,502,,5.6,0.0,0.0,0.0,0.0,7.2
2021,6/15/2021,UK,OS,50,Carysfort Shallow,503,,8.2,2.1,0.0,0.5,0.0,41.8
2021,6/15/2021,UK,OS,50,Carysfort Shallow,504,,13.5,0.4,0.0,0.3,0.0,28.0
2021,6/14/2021,UK,OS,52,Molasses Shallow,521,,9.0,2.0,0.0,0.0,0.0,34.9
2021,6/14/2021,UK,OS,52,Molasses Shallow,522,,6.9,5.3,0.0,0.2,0.0,43.8
2021,6/14/2021,UK,OS,52,Molasses Shallow,523,,1.8,2.3,0.0,0.0,0.0,34.6
2021,6/14/2021,UK,OS,52,Molasses Shallow,524,,2.1,3.5,0.0,0.1,0.0,31.5
2021,6/16/2021,MK,OS,54,Alligator Shallow,541,,17.1,10.3,0.0,1.1,0.0,35.3
2021,6/16/2021,MK,OS,54,Alligator Shallow,542,,15.0,11.6,0.0,0.9,0.0,34.6
2021,6/16/2021,MK,OS,54,Alligator Shallow,543,,29.2,16.6,0.0,2.4,0.1,63.4
2021,6/16/2021,MK,OS,54,Alligator Shallow,544,,18.1,11.5,0.0,1.5,0.0,37.0
2021,5/7/2021,MK,OS,55,Tennessee Shallow,551,,7.9,11.1,0.0,0.1,0.0,28.8
2021,5/7/2021,MK,OS,55,Tennessee Shallow,552,,6.1,15.2,0.0,0.3,0.0,32.8
2021,5/7/2021,MK,OS,55,Tennessee Shallow,553,,2.8,12.5,0.0,0.2,0.0,24.2
2021,5/7/2021,MK,OS,55,Tennessee Shallow,554,,6.6,18.7,0.0,0.3,0.0,38.6
2021,5/6/2021,MK,OS,56,Sombrero Shallow,561,,3.2,3.8,0.0,0.4,0.1,10.0
2021,5/6/2021,MK,OS,56,Sombrero Shallow,562,,8.6,3.4,0.0,0.9,0.1,14.5
2021,5/6/2021,MK,OS,56,Sombrero Shallow,563,,6.6,7.0,0.0,0.5,0.3,17.3
2021,5/6/2021,MK,OS,56,Sombrero Shallow,564,,6.8,0.6,0.0,0.1,0.3,8.4
2021,7/15/2021,LK,OS,59,Western Sambo Shallow,591,,7.6,8.1,0.0,0.8,0.0,18.4
2021,7/16/2021,LK,OS,59,Western Sambo Shallow,592,,3.3,2.5,0.0,0.2,0.0,6.8
2021,7/21/2021,LK,OS,59,Western Sambo Shallow,593,,2.2,1.0,0.0,0.0,0.0,3.3
2021,7/21/2021,LK,OS,59,Western Sambo Shallow,594,,1.5,1.0,0.0,0.0,0.0,2.6
2021,7/15/2021,LK,OS,61,Sand Key Shallow,611,,4.2,12.3,0.0,0.0,0.0,18.7
2021,7/15/2021,LK,OS,61,Sand Key Shallow,612,,4.3,2.9,0.0,0.2,0.0,7.9
2021,7/15/2021,LK,OS,61,Sand Key Shallow,613,,4.9,7.7,0.0,0.6,0.0,14.2
2021,7/15/2021,LK,OS,61,Sand Key Shallow,614,,2.8,4.5,0.0,0.4,0.0,8.2
2021,6/15/2021,UK,OD,70,Carysfort Deep,701,,0.1,0.1,10.6,0.0,0.0,13.5
2021,6/15/2021,UK,OD,70,Carysfort Deep,702,,0.0,0.1,17.4,0.0,0.0,18.1
2021,6/15/2021,UK,OD,70,Carysfort Deep,703,,0.0,0.6,8.8,0.0,0.0,10.7
2021,6/15/2021,UK,OD,70,Carysfort Deep,704,,0.0,0.5,9.7,0.0,0.0,12.0
2021,6/11/2021,UK,OD,72,Molasses Deep,721,,2.6,11.1,4.7,0.2,0.0,35.6
2021,6/11/2021,UK,OD,72,Molasses Deep,722,,1.1,9.2,2.8,0.0,0.0,25.4
2021,6/11/2021,UK,OD,72,Molasses Deep,723,,2.4,8.9,5.7,0.1,0.0,35.4
2021,6/11/2021,UK,OD,72,Molasses Deep,724,,3.4,8.8,12.8,0.2,0.0,43.0
2021,6/16/2021,MK,OD,74,Alligator Deep,741,,3.2,12.7,0.0,0.3,0.0,27.7
2021,6/16/2021,MK,OD,74,Alligator Deep,742,,2.7,8.3,0.9,0.6,0.0,18.8
2021,6/16/2021,MK,OD,74,Alligator Deep,743,,5.2,13.4,0.1,0.2,0.2,28.6
2021,6/16/2021,MK,OD,74,Alligator Deep,744,,3.7,12.9,0.5,0.6,0.5,28.5
2021,5/7/2021,MK,OD,75,Tennessee Deep,751,,1.6,1.9,1.1,0.0,0.0,5.8
2021,5/7/2021,MK,OD,75,Tennessee Deep,752,,1.3,1.4,1.5,0.1,0.0,5.4
2021,5/7/2021,MK,OD,75,Tennessee Deep,753,,3.1,8.0,2.2,0.1,0.0,14.7
2021,5/7/2021,MK,OD,75,Tennessee Deep,754,,1.6,1.7,0.2,0.4,0.0,4.9
2021,5/6/2021,MK,OD,76,Sombrero Deep,761,,1.9,4.0,2.2,0.5,0.0,10.9
2021,5/6/2021,MK,OD,76,Sombrero Deep,762,,2.3,3.0,0.7,0.2,0.0,9.3
2021,5/6/2021,MK,OD,76,Sombrero Deep,763,,0.6,2.8,2.4,0.3,0.0,9.0
2021,5/6/2021,MK,OD,76,Sombrero Deep,764,,0.6,3.3,2.8,0.4,0.0,10.1
2021,7/16/2021,LK,OD,79,Western Sambo Deep,791,,1.2,5.0,0.4,0.1,0.0,12.1
2021,7/16/2021,LK,OD,79,Western Sambo Deep,792,,4.6,8.5,4.2,0.2,0.0,21.2
2021,7/16/2021,LK,OD,79,Western Sambo Deep,793,,5.4,14.4,0.0,0.1,0.0,24.9
2021,7/16/2021,LK,OD,79,Western Sambo Deep,794,,3.4,11.6,0.0,0.2,0.0,20.1
2021,7/15/2021,LK,OD,81,Sand Key Deep,811,,2.3,13.7,0.5,1.6,0.0,34.5
2021,7/15/2021,LK,OD,81,Sand Key Deep,812,,3.0,14.0,0.4,0.6,0.0,33.8
2021,7/15/2021,LK,OD,81,Sand Key Deep,813,,4.5,17.0,0.3,1.0,0.0,40.4
2021,7/15/2021,LK,OD,81,Sand Key Deep,814,,4.8,19.2,0.0,2.3,0.3,47.0
2022,7/14/2022,UK,P,32,Porter Patch,321,,1.6,6.3,0.0,0.9,0.0,13.7
2022,7/14/2022,UK,P,32,Porter Patch,322,,1.9,5.8,0.0,0.8,0.0,11.2
2022,7/14/2022,UK,P,32,Porter Patch,323,,1.6,4.5,0.0,1.1,0.0,11.0
2022,7/14/2022,UK,P,32,Porter Patch,324,,1.5,4.1,0.0,0.4,0.1,9.7
2022,9/14/2022,UK,P,33,Admiral,331,,10.7,5.4,0.0,0.4,0.1,19.6
2022,9/14/2022,UK,P,33,Admiral,332,,16.1,5.4,0.0,0.5,0.7,26.1
2022,9/14/2022,UK,P,33,Admiral,333,,22.7,4.1,0.0,0.6,0.4,34.6
2022,9/14/2022,UK,P,33,Admiral,334,,11.2,13.6,0.0,1.6,0.5,39.1
2022,5/14/2022,MK,P,34,West Turtle Shoal,341,,2.2,1.3,0.0,0.8,0.0,8.0
2022,5/14/2022,MK,P,34,West Turtle Shoal,342,,4.7,4.1,0.0,1.8,0.1,14.4
2022,5/14/2022,MK,P,34,West Turtle Shoal,343,,5.5,3.4,0.0,0.6,0.0,14.7
2022,5/14/2022,MK,P,34,West Turtle Shoal,344,,3.9,4.3,0.0,0.9,0.1,13.6
2022,5/11/2022,MK,P,35,Dustan Rocks,351,,3.5,4.1,0.0,1.1,0.1,14.0
2022,5/12/2022,MK,P,35,Dustan Rocks,352,,3.1,4.8,0.0,0.5,1.1,18.2
2022,5/12/2022,MK,P,35,Dustan Rocks,353,,4.2,6.4,0.0,1.0,1.0,16.8
2022,5/12/2022,MK,P,35,Dustan Rocks,354,,3.8,4.7,0.0,0.1,0.4,11.6
2022,6/11/2022,LK,P,36,West Washer Women,361,,0.3,0.5,0.0,0.5,0.6,4.7
2022,6/11/2022,LK,P,36,West Washer Women,362,,0.8,2.6,0.0,1.2,0.1,7.8
2022,6/11/2022,LK,P,36,West Washer Women,363,,0.4,0.8,0.0,0.3,0.3,4.1
2022,6/11/2022,LK,P,36,West Washer Women,364,,0.1,1.0,0.0,0.2,0.9,4.5
2022,6/7/2022,LK,P,38,Cliff Green,381,,1.4,3.6,0.0,1.7,0.7,10.8
2022,6/7/2022,LK,P,38,Cliff Green,382,,1.0,1.1,0.0,1.3,1.2,8.2
2022,6/7/2022,LK,P,38,Cliff Green,383,,0.9,1.3,0.0,2.6,0.7,8.0
2022,6/7/2022,LK,P,38,Cliff Green,384,,0.4,0.8,0.0,0.5,0.2,5.4
2022,7/13/2022,UK,OS,50,Carysfort Shallow,501,,4.8,0.0,0.0,0.2,0.0,7.2
2022,7/13/2022,UK,OS,50,Carysfort Shallow,502,,5.0,0.0,0.0,0.0,0.0,6.2
2022,7/13/2022,UK,OS,50,Carysfort Shallow,503,,12.6,2.3,0.0,0.3,0.0,62.2
2022,7/13/2022,UK,OS,50,Carysfort Shallow,504,,16.5,0.3,0.0,0.3,0.0,35.3
2022,7/16/2022,UK,OS,52,Molasses Shallow,521,,8.4,1.0,0.0,0.2,0.0,32.5
2022,7/16/2022,UK,OS,52,Molasses Shallow,522,,5.1,3.2,0.0,0.1,0.0,51.5
2022,7/16/2022,UK,OS,52,Molasses Shallow,523,,2.3,2.4,0.0,0.0,0.0,32.6
2022,7/16/2022,UK,OS,52,Molasses Shallow,524,,3.5,3.2,0.0,0.1,0.0,40.5
2022,9/13/2022,MK,OS,54,Alligator Shallow,541,,19.2,11.4,0.0,0.7,0.0,38.4
2022,9/13/2022,MK,OS,54,Alligator Shallow,542,,22.0,11.7,0.0,0.3,0.0,43.2
2022,9/13/2022,MK,OS,54,Alligator Shallow,543,,27.3,16.6,0.0,2.4,0.1,60.0
2022,9/13/2022,MK,OS,54,Alligator Shallow,544,,28.7,13.8,0.0,1.4,0.1,64.4
2022,5/17/2022,MK,OS,55,Tennessee Shallow,551,,8.7,10.6,0.0,0.3,0.0,29.8
2022,5/17/2022,MK,OS,55,Tennessee Shallow,552,,5.5,17.2,0.0,0.4,0.1,30.2
2022,5/17/2022,MK,OS,55,Tennessee Shallow,553,,7.2,13.9,0.0,0.2,0.0,36.8
2022,5/17/2022,MK,OS,55,Tennessee Shallow,554,,9.3,19.4,0.0,0.5,0.1,50.5
2022,5/13/2022,MK,OS,56,Sombrero Shallow,561,,3.1,3.4,0.0,0.2,0.0,7.8
2022,5/13/2022,MK,OS,56,Sombrero Shallow,562,,7.7,2.6,0.0,0.4,0.0,11.9
2022,5/13/2022,MK,OS,56,Sombrero Shallow,563,,6.1,5.5,0.0,0.3,0.0,14.6
2022,5/13/2022,MK,OS,56,Sombrero Shallow,564,,7.3,0.3,0.0,0.1,0.2,8.3
2022,6/9/2022,LK,OS,59,Western Sambo Shallow,591,,8.2,6.2,0.0,0.6,0.0,17.0
2022,6/9/2022,LK,OS,59,Western Sambo Shallow,592,,3.8,2.2,0.0,0.2,0.0,7.0
2022,6/9/2022,LK,OS,59,Western Sambo Shallow,593,,1.8,1.0,0.0,0.2,0.0,3.1
2022,6/9/2022,LK,OS,59,Western Sambo Shallow,594,,1.9,1.2,0.0,0.0,0.0,3.4
2022,6/9/2022,LK,OS,61,Sand Key Shallow,611,,4.7,9.1,0.0,0.0,0.0,16.1
2022,6/9/2022,LK,OS,61,Sand Key Shallow,612,,2.9,2.2,0.0,0.1,0.0,6.0
2022,6/9/2022,LK,OS,61,Sand Key Shallow,613,,3.0,7.0,0.0,0.5,0.0,11.9
2022,6/9/2022,LK,OS,61,Sand Key Shallow,614,,2.7,4.7,0.0,0.1,0.0,8.2
2022,7/13/2022,UK,OD,70,Carysfort Deep,701,,0.0,0.1,13.5,0.0,0.0,15.2
2022,7/13/2022,UK,OD,70,Carysfort Deep,702,,0.0,0.0,16.3,0.0,0.0,16.9
2022,7/13/2022,UK,OD,70,Carysfort Deep,703,,0.0,0.3,13.9,0.0,0.0,15.2
2022,7/13/2022,UK,OD,70,Carysfort Deep,704,,0.1,0.3,7.4,0.0,0.0,12.9
2022,7/12/2022,UK,OD,72,Molasses Deep,721,,6.0,11.0,6.7,0.2,0.0,38.4
2022,7/12/2022,UK,OD,72,Molasses Deep,722,,5.6,10.4,9.6,0.0,0.0,35.9
2022,7/12/2022,UK,OD,72,Molasses Deep,723,,1.4,9.1,14.0,0.1,0.0,32.6
2022,7/12/2022,UK,OD,72,Molasses Deep,724,,2.2,9.1,18.1,0.3,0.0,48.8
2022,9/13/2022,MK,OD,74,Alligator Deep,741,,1.6,12.7,0.0,0.2,0.0,25.4
2022,9/13/2022,MK,OD,74,Alligator Deep,742,,1.2,8.0,0.5,0.1,0.0,19.6
2022,9/13/2022,MK,OD,74,Alligator Deep,743,,1.9,14.8,0.6,0.0,0.0,22.5
2022,9/13/2022,MK,OD,74,Alligator Deep,744,,0.0,10.3,0.5,0.1,0.1,20.5
2022,5/17/2022,MK,OD,75,Tennessee Deep,751,,1.5,2.8,1.3,0.0,0.0,6.2
2022,5/17/2022,MK,OD,75,Tennessee Deep,752,,1.8,2.0,1.7,0.0,0.0,5.8
2022,5/17/2022,MK,OD,75,Tennessee Deep,753,,3.5,7.9,1.8,0.1,0.0,15.5
2022,5/17/2022,MK,OD,75,Tennessee Deep,754,,1.3,1.4,0.5,0.2,0.0,4.3
2022,5/13/2022,MK,OD,76,Sombrero Deep,761,,1.6,4.2,2.1,0.5,0.0,10.2
2022,5/13/2022,MK,OD,76,Sombrero Deep,762,,0.7,2.4,2.3,0.2,0.0,7.6
2022,5/13/2022,MK,OD,76,Sombrero Deep,763,,0.3,4.1,2.1,0.6,0.0,9.7
2022,5/13/2022,MK,OD,76,Sombrero Deep,764,,1.0,2.7,1.2,0.1,0.0,9.8
2022,6/11/2022,LK,OD,79,Western Sambo Deep,791,,2.5,5.2,4.1,0.0,0.0,14.3
2022,6/11/2022,LK,OD,79,Western Sambo Deep,792,,2.4,6.5,4.0,0.3,0.0,16.4
2022,6/11/2022,LK,OD,79,Western Sambo Deep,793,,3.2,12.0,0.0,0.1,0.0,20.4
2022,6/11/2022,LK,OD,79,Western Sambo Deep,794,,1.2,13.3,0.0,0.0,0.0,17.3
2022,6/8/2022,LK,OD,81,Sand Key Deep,811,,4.1,14.7,1.1,1.2,0.0,32.6
2022,6/8/2022,LK,OD,81,Sand Key Deep,812,,3.5,12.5,0.1,0.3,0.0,34.9
2022,6/8/2022,LK,OD,81,Sand Key Deep,813,,3.3,19.3,0.1,1.7,0.0,48.3
2022,6/8/2022,LK,OD,81,Sand Key Deep,814,,5.3,16.6,0.0,1.5,0.3,41.5
2023,7/11/2023,UK,P,32,Porter Patch,321,,1.8,5.5,0.0,0.6,0.3,11.9
2023,7/11/2023,UK,P,32,Porter Patch,322,,2.1,4.7,0.0,0.7,0.0,11.3
2023,7/11/2023,UK,P,32,Porter Patch,323,,1.3,4.0,0.0,0.7,0.7,10.7
2023,7/11/2023,UK,P,32,Porter Patch,324,,1.4,3.4,0.0,0.5,0.4,8.3
2023,7/18/2023,UK,P,33,Admiral,331,,7.1,4.8,0.0,0.5,0.1,14.4
2023,7/18/2023,UK,P,33,Admiral,332,,14.3,3.6,0.0,0.6,0.5,22.4
2023,7/18/2023,UK,P,33,Admiral,333,,15.2,4.2,0.0,0.6,0.7,27.0
2023,7/18/2023,UK,P,33,Admiral,334,,14.9,11.7,0.0,3.3,0.1,43.6
2023,5/10/2023,MK,P,34,West Turtle Shoal,341,,1.9,1.2,0.0,0.7,0.3,6.7
2023,5/10/2023,MK,P,34,West Turtle Shoal,342,,4.6,3.8,0.0,0.9,0.0,14.1
2023,5/10/2023,MK,P,34,West Turtle Shoal,343,,4.3,3.8,0.0,1.3,0.2,13.6
2023,5/10/2023,MK,P,34,West Turtle Shoal,344,,3.4,3.5,0.0,1.2,0.0,12.0
2023,5/11/2023,MK,P,35,Dustan Rocks,351,,4.3,5.5,0.0,1.5,0.2,15.7
2023,5/11/2023,MK,P,35,Dustan Rocks,352,,2.7,6.7,0.0,0.8,1.2,17.6
2023,5/11/2023,MK,P,35,Dustan Rocks,353,,4.5,7.6,0.0,0.7,0.5,17.2
2023,5/11/2023,MK,P,35,Dustan Rocks,354,,3.4,4.2,0.0,0.1,0.2,10.9
2023,6/9/2023,LK,P,36,West Washer Women,361,,0.3,0.5,0.0,0.8,0.6,4.6
2023,6/9/2023,LK,P,36,West Washer Women,362,,0.7,0.8,0.0,0.6,0.8,5.4
2023,6/9/2023,LK,P,36,West Washer Women,363,,0.2,0.7,0.0,0.2,0.4,4.6
2023,6/9/2023,LK,P,36,West Washer Women,364,,0.0,1.7,0.0,0.1,0.4,4.2
2023,6/7/2023,LK,P,38,Cliff Green,381,,0.9,2.6,0.0,2.0,0.2,11.5
2023,6/7/2023,LK,P,38,Cliff Green,382,,0.6,1.3,0.0,1.8,0.9,7.4
2023,6/7/2023,LK,P,38,Cliff Green,383,,0.7,1.0,0.0,2.9,0.7,7.6
2023,6/7/2023,LK,P,38,Cliff Green,384,,0.3,0.7,0.0,0.8,0.2,4.8
2023,7/15/2023,UK,OS,50,Carysfort Shallow,501,,6.2,0.0,0.0,0.2,0.0,9.1
2023,7/15/2023,UK,OS,50,Carysfort Shallow,502,,4.5,0.0,0.0,0.0,0.0,5.4
2023,7/15/2023,UK,OS,50,Carysfort Shallow,503,,7.6,1.7,0.0,0.2,0.0,53.6
2023,7/15/2023,UK,OS,50,Carysfort Shallow,504,,13.5,0.3,0.0,0.3,0.0,28.3
2023,7/11/2023,UK,OS,52,Molasses Shallow,521,,8.2,1.3,0.0,0.0,0.0,33.1
2023,7/11/2023,UK,OS,52,Molasses Shallow,522,,5.7,2.8,0.0,0.1,0.0,41.2
2023,7/11/2023,UK,OS,52,Molasses Shallow,523,,0.8,1.6,0.0,0.0,0.0,26.4
2023,7/11/2023,UK,OS,52,Molasses Shallow,524,,1.6,2.4,0.0,0.1,0.0,29.2
2023,7/12/2023,MK,OS,54,Alligator Shallow,541,,20.4,11.2,0.0,1.0,0.0,39.0
2023,7/12/2023,MK,OS,54,Alligator Shallow,542,,20.2,10.6,0.0,1.0,0.0,36.2
2023,7/12/2023,MK,OS,54,Alligator Shallow,543,,29.3,16.9,0.0,1.2,0.0,67.0
2023,7/12/2023,MK,OS,54,Alligator Shallow,544,,27.5,13.3,0.0,0.4,0.0,58.8
2023,5/15/2023,MK,OS,55,Tennessee Shallow,551,,4.5,10.5,0.0,0.2,0.0,17.9
2023,5/15/2023,MK,OS,55,Tennessee Shallow,552,,7.8,12.5,0.0,0.4,0.0,30.1
2023,5/15/2023,MK,OS,55,Tennessee Shallow,553,,4.3,14.5,0.0,0.1,0.0,25.2
2023,5/15/2023,MK,OS,55,Tennessee Shallow,554,,10.7,15.4,0.0,0.2,0.0,48.6
2023,5/14/2023,MK,OS,56,Sombrero Shallow,561,,3.4,2.7,0.0,0.2,0.0,8.8
2023,5/14/2023,MK,OS,56,Sombrero Shallow,562,,8.2,2.3,0.0,1.0,0.0,13.7
2023,5/14/2023,MK,OS,56,Sombrero Shallow,563,,3.7,5.3,0.0,0.3,0.1,12.5
2023,5/14/2023,MK,OS,56,Sombrero Shallow,564,,7.9,0.3,0.0,0.2,0.3,8.9
2023,6/6/2023,LK,OS,59,Western Sambo Shallow,591,,5.2,5.4,0.0,0.3,0.0,13.1
2023,6/6/2023,LK,OS,59,Western Sambo Shallow,592,,2.2,1.4,0.0,0.3,0.0,5.2
2023,6/6/2023,LK,OS,59,Western Sambo Shallow,593,,1.6,0.8,0.0,0.0,0.0,2.5
2023,6/6/2023,LK,OS,59,Western Sambo Shallow,594,,2.4,0.7,0.0,0.1,0.0,3.5
2023,6/8/2023,LK,OS,61,Sand Key Shallow,611,,2.3,6.1,0.1,0.1,0.0,9.5
2023,6/8/2023,LK,OS,61,Sand Key Shallow,612,,1.8,2.4,0.0,0.0,0.0,4.8
2023,6/8/2023,LK,OS,61,Sand Key Shallow,613,,1.7,6.3,0.0,0.3,0.0,9.2
2023,6/8/2023,LK,OS,61,Sand Key Shallow,614,,1.5,3.4,0.5,0.1,0.0,5.7
2023,7/15/2023,UK,OD,70,Carysfort Deep,701,,0.0,0.1,12.4,0.0,0.2,14.0
2023,7/15/2023,UK,OD,70,Carysfort Deep,702,,0.0,0.0,14.4,0.0,0.0,15.1
2023,7/15/2023,UK,OD,70,Carysfort Deep,703,,0.0,0.2,9.2,0.0,0.0,10.0
2023,7/15/2023,UK,OD,70,Carysfort Deep,704,,0.1,0.3,5.9,0.0,0.0,9.3
2023,9/13/2023,UK,OD,72,Molasses Deep,721,,1.3,7.4,1.5,0.4,0.0,20.7
2023,9/13/2023,UK,OD,72,Molasses Deep,722,,1.9,5.5,3.8,0.3,0.0,19.4
2023,9/12/2023,UK,OD,72,Molasses Deep,723,,2.0,6.8,4.1,0.1,0.0,24.9
2023,9/12/2023,UK,OD,72,Molasses Deep,724,,1.1,5.0,6.1,0.1,0.0,27.0
2023,7/12/2023,MK,OD,74,Alligator Deep,741,,1.4,10.6,0.6,0.1,0.0,19.3
2023,7/12/2023,MK,OD,74,Alligator Deep,742,,4.2,8.9,0.4,0.2,0.0,19.5
2023,7/12/2023,MK,OD,74,Alligator Deep,743,,4.3,15.8,0.4,0.2,0.1,30.3
2023,7/12/2023,MK,OD,74,Alligator Deep,744,,3.4,10.5,0.2,0.7,0.0,24.7
2023,5/15/2023,MK,OD,75,Tennessee Deep,751,,1.6,2.9,0.5,0.0,0.0,5.9
2023,5/15/2023,MK,OD,75,Tennessee Deep,752,,1.6,1.9,1.4,0.1,0.0,5.3
2023,5/15/2023,MK,OD,75,Tennessee Deep,753,,1.3,4.6,0.8,0.2,0.0,8.3
2023,5/15/2023,MK,OD,75,Tennessee Deep,754,,1.3,2.1,0.5,0.3,0.0,4.6
2023,5/16/2023,MK,OD,76,Sombrero Deep,761,,1.5,4.2,1.4,0.2,0.0,9.2
2023,5/16/2023,MK,OD,76,Sombrero Deep,762,,1.1,2.5,1.6,0.0,0.0,7.7
2023,5/16/2023,MK,OD,76,Sombrero Deep,763,,1.6,3.9,1.8,0.2,0.0,9.9
2023,5/16/2023,MK,OD,76,Sombrero Deep,764,,0.1,2.8,2.0,0.3,0.0,6.6
2023,6/7/2023,LK,OD,79,Western Sambo Deep,791,,0.7,4.4,1.9,0.0,0.0,8.1
2023,6/7/2023,LK,OD,79,Western Sambo Deep,792,,1.1,5.2,2.8,0.3,0.0,12.4
2023,6/7/2023,LK,OD,79,Western Sambo Deep,793,,2.3,11.3,0.0,0.0,0.0,18.8
2023,6/7/2023,LK,OD,79,Western Sambo Deep,794,,2.5,8.1,0.0,0.0,0.0,16.3
2023,6/8/2023,LK,OD,81,Sand Key Deep,811,,1.8,7.8,0.7,0.7,0.0,19.1
2023,6/8/2023,LK,OD,81,Sand Key Deep,812,,3.4,10.4,1.0,0.7,0.0,29.1
2023,6/8/2023,LK,OD,81,Sand Key Deep,813,,4.6,16.9,0.4,1.2,0.0,38.9
2023,6/8/2023,LK,OD,81,Sand Key Deep,814,,4.0,11.6,1.1,0.7,0.0,33.4
