Year,FirstOfDate,subRegionID,HabitatID,siteid,site_name,stationid,Eunicea_calyculata,Gorgonia_ventalina,Pseudopterogorgia_americana,Pseudopterogorgia_bipinnata,Eunicea_flexuosa,Pseudoplexaura_porosa
2011,6/8/2011,UK,P,32,Porter Patch,321,,17.2,23.8,,31.7,22.5
2011,6/8/2011,UK,P,32,Porter Patch,322,8.0,26.7,33.5,,59.3,
2011,6/8/2011,UK,P,32,Porter Patch,323,19.8,20.0,29.0,,36.3,19.0
2011,6/8/2011,UK,P,32,Porter Patch,324,11.6,26.5,26.9,,25.0,37.0
2011,6/11/2011,UK,P,33,Admiral,331,,20.2,8.0,,,47.5
2011,6/11/2011,UK,P,33,Admiral,332,,43.0,,,30.0,
2011,6/11/2011,UK,P,33,Admiral,333,8.0,23.3,13.3,,,12.0
2011,6/11/2011,UK,P,33,Admiral,334,16.0,22.2,10.8,,,51.2
2011,5/18/2011,MK,P,34,West Turtle Shoal,341,,33.9,24.4,,38.0,14.5
2011,5/18/2011,MK,P,34,West Turtle Shoal,342,,29.2,21.6,,38.0,23.1
2011,5/18/2011,MK,P,34,West Turtle Shoal,343,,35.6,30.4,,28.0,22.8
2011,5/18/2011,MK,P,34,West Turtle Shoal,344,,25.3,37.5,,,35.1
2011,5/13/2011,MK,P,35,Dustan Rocks,351,,33.7,23.9,,,38.4
2011,5/13/2011,MK,P,35,Dustan Rocks,352,11.0,49.6,31.1,,,35.2
2011,5/13/2011,MK,P,35,Dustan Rocks,353,29.0,35.8,49.3,,,42.8
2011,5/13/2011,MK,P,35,Dustan Rocks,354,,37.9,49.4,,,76.0
2011,7/20/2011,LK,P,36,West Washer Women,361,21.0,27.7,50.5,,49.2,73.5
2011,7/20/2011,LK,P,36,West Washer Women,362,66.0,37.1,38.6,,39.7,33.4
2011,7/21/2011,LK,P,36,West Washer Women,363,,42.5,48.9,,27.7,34.8
2011,7/21/2011,LK,P,36,West Washer Women,364,,33.0,51.7,,46.5,56.3
2011,7/20/2011,LK,P,38,Cliff Green,381,79.0,48.0,41.0,,37.4,41.3
2011,7/19/2011,LK,P,38,Cliff Green,382,17.0,53.0,57.7,,49.7,44.5
2011,7/20/2011,LK,P,38,Cliff Green,383,38.7,47.6,32.7,,36.0,35.7
2011,7/19/2011,LK,P,38,Cliff Green,384,,52.5,50.2,,42.0,57.5
2011,6/13/2011,UK,OS,50,Carysfort Shallow,501,,23.8,18.0,,,
2011,6/13/2011,UK,OS,50,Carysfort Shallow,502,,38.1,12.0,,22.0,
2011,6/13/2011,UK,OS,50,Carysfort Shallow,503,,15.3,27.6,,64.0,11.0
2011,6/13/2011,UK,OS,50,Carysfort Shallow,504,,28.5,14.3,,20.0,35.0
2011,6/14/2011,MK,OS,54,Alligator Shallow,541,23.8,4.3,21.8,,17.1,8.0
2011,6/14/2011,MK,OS,54,Alligator Shallow,542,18.7,12.4,26.1,,22.6,19.0
2011,6/14/2011,MK,OS,54,Alligator Shallow,543,19.0,6.4,24.6,,22.6,10.0
2011,6/14/2011,MK,OS,54,Alligator Shallow,544,18.6,8.0,29.5,,24.3,40.5
2011,5/12/2011,MK,OS,55,Tennessee Shallow,551,,5.0,25.3,,62.5,
2011,5/12/2011,MK,OS,55,Tennessee Shallow,552,,,23.7,,52.0,12.0
2011,5/12/2011,MK,OS,55,Tennessee Shallow,553,38.0,4.1,21.8,,39.0,
2011,5/12/2011,MK,OS,55,Tennessee Shallow,554,,3.3,25.9,,49.8,6.0
2011,5/10/2011,MK,OS,56,Sombrero Shallow,561,7.0,17.1,42.9,,18.0,19.5
2011,5/10/2011,MK,OS,56,Sombrero Shallow,562,,27.2,28.8,,48.4,29.8
2011,5/10/2011,MK,OS,56,Sombrero Shallow,563,,14.5,33.1,,37.3,19.3
2011,5/10/2011,MK,OS,56,Sombrero Shallow,564,,26.4,21.6,,,35.0
2011,7/18/2011,LK,OS,59,Western Sambo Shallow,591,7.0,10.1,27.7,,7.0,6.0
2011,7/17/2011,LK,OS,59,Western Sambo Shallow,592,,13.2,26.9,,8.0,
2011,7/18/2011,LK,OS,59,Western Sambo Shallow,593,,24.5,36.7,,,
2011,7/18/2011,LK,OS,59,Western Sambo Shallow,594,,30.7,29.0,,29.7,11.0
2011,7/15/2011,LK,OS,61,Sand Key Shallow,611,,3.2,20.8,,,
2011,7/15/2011,LK,OS,61,Sand Key Shallow,612,,4.8,25.7,,,3.0
2011,7/15/2011,LK,OS,61,Sand Key Shallow,613,,5.8,27.1,,17.0,
2011,7/15/2011,LK,OS,61,Sand Key Shallow,614,,7.7,20.7,,31.5,
2011,6/13/2011,UK,OD,70,Carysfort Deep,701,,,30.0,,,
2011,6/13/2011,UK,OD,70,Carysfort Deep,702,,,,,,
2011,6/13/2011,UK,OD,70,Carysfort Deep,703,,,,,,
2011,6/13/2011,UK,OD,70,Carysfort Deep,704,,6.0,19.3,,,
2011,6/14/2011,MK,OD,74,Alligator Deep,741,48.0,5.8,22.2,,30.8,34.8
2011,6/14/2011,MK,OD,74,Alligator Deep,742,,,29.2,,13.0,40.3
2011,6/14/2011,MK,OD,74,Alligator Deep,743,23.0,,26.9,,31.0,52.0
2011,6/14/2011,MK,OD,74,Alligator Deep,744,54.5,6.5,27.4,,67.0,
2011,5/12/2011,MK,OD,75,Tennessee Deep,751,53.0,23.4,27.6,,16.0,
2011,5/12/2011,MK,OD,75,Tennessee Deep,752,65.0,22.0,29.9,,,
2011,5/12/2011,MK,OD,75,Tennessee Deep,753,,21.3,24.9,,,
2011,5/12/2011,MK,OD,75,Tennessee Deep,754,,20.6,25.4,,,
2011,5/11/2011,MK,OD,76,Sombrero Deep,761,,11.0,22.6,,,
2011,5/11/2011,MK,OD,76,Sombrero Deep,762,,16.8,26.0,,45.0,
2011,5/11/2011,MK,OD,76,Sombrero Deep,763,,11.0,22.8,,,
2011,5/11/2011,MK,OD,76,Sombrero Deep,764,,13.5,23.6,,,19.0
2011,7/18/2011,LK,OD,79,Western Sambo Deep,791,,8.9,20.0,,24.5,
2011,7/18/2011,LK,OD,79,Western Sambo Deep,792,,14.9,20.6,,26.0,
2011,7/18/2011,LK,OD,79,Western Sambo Deep,793,20.0,8.1,27.3,,,9.0
2011,7/18/2011,LK,OD,79,Western Sambo Deep,794,,4.6,20.9,,8.0,
2011,7/19/2011,LK,OD,81,Sand Key Deep,811,25.9,9.0,19.6,,11.7,5.3
2011,7/20/2011,LK,OD,81,Sand Key Deep,812,18.3,21.0,19.4,,,
2011,7/19/2011,LK,OD,81,Sand Key Deep,813,30.0,7.0,15.6,,21.7,4.5
2011,7/19/2011,LK,OD,81,Sand Key Deep,814,25.0,4.0,18.6,,4.8,6.5
2012,8/17/2012,UK,P,32,Porter Patch,321,11.0,6.0,16.8,,18.8,8.8
2012,8/17/2012,UK,P,32,Porter Patch,322,8.8,7.1,26.6,,44.4,9.3
2012,8/17/2012,UK,P,32,Porter Patch,323,10.0,7.8,25.0,,23.4,6.3
2012,8/17/2012,UK,P,32,Porter Patch,324,3.5,7.1,19.1,,8.0,6.1
2012,8/18/2012,UK,P,33,Admiral,331,,7.2,8.3,,,50.3
2012,8/18/2012,UK,P,33,Admiral,332,,6.8,8.6,,,
2012,8/18/2012,UK,P,33,Admiral,333,,8.0,12.4,,3.7,13.5
2012,8/18/2012,UK,P,33,Admiral,334,,6.0,10.8,,2.0,28.8
2012,5/9/2012,MK,P,34,West Turtle Shoal,341,,33.0,27.3,,13.6,11.0
2012,5/9/2012,MK,P,34,West Turtle Shoal,342,,29.6,21.1,,26.2,22.2
2012,5/9/2012,MK,P,34,West Turtle Shoal,343,72.0,32.6,31.2,,23.0,22.7
2012,5/9/2012,MK,P,34,West Turtle Shoal,344,18.0,26.4,26.3,,15.0,33.2
2012,5/7/2012,MK,P,35,Dustan Rocks,351,,39.4,27.2,,4.8,39.6
2012,5/7/2012,MK,P,35,Dustan Rocks,352,99.0,43.5,28.1,,,44.0
2012,5/7/2012,MK,P,35,Dustan Rocks,353,,24.8,20.6,,,47.9
2012,5/7/2012,MK,P,35,Dustan Rocks,354,,27.3,20.4,6.0,16.0,57.5
2012,7/17/2012,LK,P,36,West Washer Women,361,25.0,38.5,46.8,,56.0,75.0
2012,7/17/2012,LK,P,36,West Washer Women,362,69.0,42.2,40.2,,48.8,35.7
2012,7/17/2012,LK,P,36,West Washer Women,363,63.0,36.3,51.9,,30.3,50.3
2012,7/17/2012,LK,P,36,West Washer Women,364,21.0,42.0,49.3,,18.5,66.6
2012,7/18/2012,LK,P,38,Cliff Green,381,,42.7,42.9,,39.3,59.0
2012,7/18/2012,LK,P,38,Cliff Green,382,,41.7,44.6,,46.5,49.5
2012,7/18/2012,LK,P,38,Cliff Green,383,58.0,49.0,39.8,,42.4,39.8
2012,7/18/2012,LK,P,38,Cliff Green,384,15.0,56.6,51.4,,45.5,48.8
2012,8/16/2012,UK,OS,50,Carysfort Shallow,501,,25.4,55.0,,,
2012,8/16/2012,UK,OS,50,Carysfort Shallow,502,,42.6,,,,
2012,8/16/2012,UK,OS,50,Carysfort Shallow,503,,17.9,16.8,,69.0,
2012,8/16/2012,UK,OS,50,Carysfort Shallow,504,,23.7,23.3,5.3,58.0,
2012,8/13/2012,MK,OS,54,Alligator Shallow,541,17.4,6.1,21.1,,19.5,7.5
2012,8/13/2012,MK,OS,54,Alligator Shallow,542,,11.9,26.2,,22.9,6.0
2012,8/13/2012,MK,OS,54,Alligator Shallow,543,9.0,4.8,16.8,,18.1,6.5
2012,8/13/2012,MK,OS,54,Alligator Shallow,544,21.3,6.6,22.2,,22.7,13.7
2012,5/14/2012,MK,OS,55,Tennessee Shallow,551,6.0,5.7,22.4,5.0,21.4,39.5
2012,5/14/2012,MK,OS,55,Tennessee Shallow,552,20.6,5.9,18.1,,29.9,
2012,5/14/2012,MK,OS,55,Tennessee Shallow,553,,4.5,19.3,,34.2,6.0
2012,5/14/2012,MK,OS,55,Tennessee Shallow,554,17.0,4.3,21.4,,28.6,4.3
2012,5/10/2012,MK,OS,56,Sombrero Shallow,561,,15.3,36.6,,,19.8
2012,5/10/2012,MK,OS,56,Sombrero Shallow,562,,25.9,26.3,,42.7,27.6
2012,5/10/2012,MK,OS,56,Sombrero Shallow,563,,12.8,29.9,,41.6,24.2
2012,5/10/2012,MK,OS,56,Sombrero Shallow,564,,31.5,26.5,,22.0,22.0
2012,7/13/2012,LK,OS,59,Western Sambo Shallow,591,3.0,11.9,29.4,,6.7,9.0
2012,7/13/2012,LK,OS,59,Western Sambo Shallow,592,,16.8,26.4,,,
2012,7/12/2012,LK,OS,59,Western Sambo Shallow,593,,27.3,35.5,,,
2012,7/12/2012,LK,OS,59,Western Sambo Shallow,594,,35.4,35.4,,21.5,17.0
2012,7/10/2012,LK,OS,61,Sand Key Shallow,611,,4.0,25.6,,,
2012,7/10/2012,LK,OS,61,Sand Key Shallow,612,8.0,11.0,30.6,,7.0,
2012,7/10/2012,LK,OS,61,Sand Key Shallow,613,,6.1,29.4,,22.0,
2012,7/10/2012,LK,OS,61,Sand Key Shallow,614,,9.4,23.4,,39.0,
2012,8/16/2012,UK,OD,70,Carysfort Deep,701,25.0,,21.3,16.2,,
2012,8/16/2012,UK,OD,70,Carysfort Deep,702,,,,19.8,,
2012,8/16/2012,UK,OD,70,Carysfort Deep,703,,,6.5,16.0,,
2012,8/16/2012,UK,OD,70,Carysfort Deep,704,,,15.3,12.0,,
2012,6/18/2012,MK,OD,74,Alligator Deep,741,34.5,2.3,18.4,10.7,26.5,4.5
2012,6/18/2012,MK,OD,74,Alligator Deep,742,1.0,2.5,19.9,13.0,19.3,
2012,6/18/2012,MK,OD,74,Alligator Deep,743,12.5,4.6,22.9,19.5,17.1,7.0
2012,6/18/2012,MK,OD,74,Alligator Deep,744,60.0,3.5,24.3,8.5,21.8,8.3
2012,5/14/2012,MK,OD,75,Tennessee Deep,751,,24.8,22.5,29.8,22.0,
2012,5/14/2012,MK,OD,75,Tennessee Deep,752,30.0,23.8,22.1,25.3,34.0,
2012,5/14/2012,MK,OD,75,Tennessee Deep,753,,17.4,26.1,20.3,17.5,
2012,5/14/2012,MK,OD,75,Tennessee Deep,754,13.0,22.1,20.2,16.9,9.5,
2012,5/16/2012,MK,OD,76,Sombrero Deep,761,,7.2,20.9,18.5,17.3,
2012,5/8/2012,MK,OD,76,Sombrero Deep,762,,12.1,25.7,16.9,14.8,
2012,5/16/2012,MK,OD,76,Sombrero Deep,763,,9.3,16.1,15.3,4.0,
2012,5/16/2012,MK,OD,76,Sombrero Deep,764,,5.8,21.6,15.9,14.3,12.0
2012,7/18/2012,LK,OD,79,Western Sambo Deep,791,31.0,10.3,20.4,23.6,23.5,
2012,7/18/2012,LK,OD,79,Western Sambo Deep,792,,9.2,18.5,21.3,20.7,
2012,7/16/2012,LK,OD,79,Western Sambo Deep,793,24.5,6.9,26.5,24.5,,7.0
2012,7/16/2012,LK,OD,79,Western Sambo Deep,794,,4.5,24.6,,10.8,
2012,8/10/2012,LK,OD,81,Sand Key Deep,811,31.2,8.5,17.8,18.1,9.3,5.5
2012,8/10/2012,LK,OD,81,Sand Key Deep,812,38.3,7.4,22.1,13.5,17.2,
2012,7/19/2012,LK,OD,81,Sand Key Deep,813,15.9,7.4,19.6,34.0,35.9,
2012,7/19/2012,LK,OD,81,Sand Key Deep,814,37.3,5.0,17.3,,11.5,
2013,6/20/2013,UK,P,32,Porter Patch,321,,8.1,18.2,,16.6,10.2
2013,6/20/2013,UK,P,32,Porter Patch,322,15.0,11.1,31.8,,53.9,11.0
2013,6/20/2013,UK,P,32,Porter Patch,323,,11.8,25.5,,42.4,6.8
2013,6/20/2013,UK,P,32,Porter Patch,324,9.0,11.9,22.3,,13.1,8.9
2013,6/21/2013,UK,P,33,Admiral,331,,13.3,13.3,,,16.0
2013,6/22/2013,UK,P,33,Admiral,332,,10.5,16.4,,2.0,5.0
2013,6/22/2013,UK,P,33,Admiral,333,,12.1,16.9,,5.0,12.0
2013,6/22/2013,UK,P,33,Admiral,334,2.8,5.0,13.0,,3.0,19.0
2013,5/14/2013,MK,P,34,West Turtle Shoal,341,11.5,27.3,24.5,,8.6,14.7
2013,5/14/2013,MK,P,34,West Turtle Shoal,342,22.0,33.3,25.1,,20.6,22.2
2013,5/14/2013,MK,P,34,West Turtle Shoal,343,,33.5,30.7,,26.5,38.0
2013,5/14/2013,MK,P,34,West Turtle Shoal,344,30.3,26.7,26.5,,15.5,25.9
2013,5/7/2013,MK,P,35,Dustan Rocks,351,,26.9,20.7,,4.5,47.1
2013,5/7/2013,MK,P,35,Dustan Rocks,352,13.0,44.8,28.9,,6.0,61.3
2013,5/7/2013,MK,P,35,Dustan Rocks,353,,26.9,19.3,,,34.0
2013,5/7/2013,MK,P,35,Dustan Rocks,354,18.0,26.9,24.2,,22.0,56.5
2013,7/17/2013,LK,P,36,West Washer Women,361,27.0,40.0,47.7,,40.3,81.2
2013,7/17/2013,LK,P,36,West Washer Women,362,,43.7,44.7,,38.4,71.7
2013,7/17/2013,LK,P,36,West Washer Women,363,,40.5,60.4,,31.3,52.6
2013,7/17/2013,LK,P,36,West Washer Women,364,,19.0,49.8,,9.0,78.5
2013,7/16/2013,LK,P,38,Cliff Green,381,,50.7,53.0,,37.4,58.0
2013,7/16/2013,LK,P,38,Cliff Green,382,,60.3,46.9,,40.4,57.7
2013,7/16/2013,LK,P,38,Cliff Green,383,15.0,48.8,37.4,,42.1,49.8
2013,7/16/2013,LK,P,38,Cliff Green,384,,55.3,42.6,,43.8,44.8
2013,9/22/2013,UK,OS,50,Carysfort Shallow,501,,25.7,59.0,,15.0,
2013,9/22/2013,UK,OS,50,Carysfort Shallow,502,,39.5,,,,
2013,9/22/2013,UK,OS,50,Carysfort Shallow,503,,21.3,25.6,,37.0,
2013,9/22/2013,UK,OS,50,Carysfort Shallow,504,,25.8,22.5,,27.5,
2013,6/21/2013,MK,OS,54,Alligator Shallow,541,16.5,7.4,21.9,,19.2,7.5
2013,6/21/2013,MK,OS,54,Alligator Shallow,542,22.8,18.5,26.6,,23.5,21.0
2013,6/21/2013,MK,OS,54,Alligator Shallow,543,18.0,5.8,18.9,,22.7,8.0
2013,6/20/2013,MK,OS,54,Alligator Shallow,544,,7.2,18.7,,26.1,12.0
2013,5/16/2013,MK,OS,55,Tennessee Shallow,551,,3.8,20.8,,61.8,
2013,5/16/2013,MK,OS,55,Tennessee Shallow,552,,4.3,18.1,,24.4,5.0
2013,5/16/2013,MK,OS,55,Tennessee Shallow,553,6.0,3.6,16.9,,27.2,7.0
2013,5/16/2013,MK,OS,55,Tennessee Shallow,554,,4.8,21.0,,31.1,4.5
2013,5/8/2013,MK,OS,56,Sombrero Shallow,561,,17.4,32.5,,,11.5
2013,5/8/2013,MK,OS,56,Sombrero Shallow,562,,32.5,32.2,,23.3,32.0
2013,5/8/2013,MK,OS,56,Sombrero Shallow,563,,16.4,34.9,,45.4,20.1
2013,5/8/2013,MK,OS,56,Sombrero Shallow,564,39.0,28.7,28.1,,17.0,38.0
2013,7/14/2013,LK,OS,59,Western Sambo Shallow,591,,15.8,28.9,,5.0,
2013,7/14/2013,LK,OS,59,Western Sambo Shallow,592,,25.5,32.0,,,
2013,7/15/2013,LK,OS,59,Western Sambo Shallow,593,,35.1,37.9,,,
2013,7/14/2013,LK,OS,59,Western Sambo Shallow,594,,39.2,37.9,,31.0,15.0
2013,7/11/2013,LK,OS,61,Sand Key Shallow,611,,3.5,26.0,,,3.0
2013,7/11/2013,LK,OS,61,Sand Key Shallow,612,,7.4,31.5,,7.0,
2013,7/11/2013,LK,OS,61,Sand Key Shallow,613,,13.5,28.2,,28.0,5.0
2013,7/11/2013,LK,OS,61,Sand Key Shallow,614,,19.2,24.2,,7.0,
2013,7/19/2013,UK,OD,70,Carysfort Deep,701,23.0,,35.0,17.9,,
2013,7/19/2013,UK,OD,70,Carysfort Deep,702,,,,18.1,,
2013,7/19/2013,UK,OD,70,Carysfort Deep,703,,,7.5,16.3,,
2013,7/19/2013,UK,OD,70,Carysfort Deep,704,,,6.5,13.6,,
2013,6/21/2013,MK,OD,74,Alligator Deep,741,,4.0,21.6,12.0,24.3,5.0
2013,6/21/2013,MK,OD,74,Alligator Deep,742,,3.5,21.2,16.9,25.0,
2013,6/21/2013,MK,OD,74,Alligator Deep,743,37.0,3.5,22.2,14.0,,5.0
2013,6/21/2013,MK,OD,74,Alligator Deep,744,59.5,4.7,27.3,13.7,18.4,12.0
2013,5/13/2013,MK,OD,75,Tennessee Deep,751,56.0,25.9,27.2,27.3,15.0,
2013,5/13/2013,MK,OD,75,Tennessee Deep,752,41.5,25.2,26.9,17.6,,
2013,5/13/2013,MK,OD,75,Tennessee Deep,753,,18.4,25.4,18.5,40.0,
2013,5/13/2013,MK,OD,75,Tennessee Deep,754,,20.4,24.3,20.2,5.7,
2013,5/8/2013,MK,OD,76,Sombrero Deep,761,5.0,9.7,24.0,22.2,12.5,
2013,5/15/2013,MK,OD,76,Sombrero Deep,762,,37.3,27.7,18.7,20.5,
2013,5/8/2013,MK,OD,76,Sombrero Deep,763,,12.1,20.2,19.3,24.0,
2013,5/15/2013,MK,OD,76,Sombrero Deep,764,,8.4,20.5,15.8,16.7,
2013,7/15/2013,LK,OD,79,Western Sambo Deep,791,,7.0,21.8,16.6,,
2013,7/14/2013,LK,OD,79,Western Sambo Deep,792,,12.0,19.0,25.3,28.0,
2013,7/15/2013,LK,OD,79,Western Sambo Deep,793,24.3,,27.3,6.7,7.0,6.0
2013,7/14/2013,LK,OD,79,Western Sambo Deep,794,24.0,2.0,24.2,9.6,6.0,
2013,7/11/2013,LK,OD,81,Sand Key Deep,811,36.6,7.0,19.0,15.0,9.1,4.5
2013,7/11/2013,LK,OD,81,Sand Key Deep,812,41.7,25.0,23.8,21.0,21.8,
2013,7/11/2013,LK,OD,81,Sand Key Deep,813,30.0,2.7,21.6,6.0,38.2,
2013,7/11/2013,LK,OD,81,Sand Key Deep,814,27.7,3.3,19.8,,7.3,
2014,7/9/2014,UK,P,32,Porter Patch,321,1.0,8.6,18.8,,19.0,11.3
2014,7/9/2014,UK,P,32,Porter Patch,322,18.0,6.0,24.4,,33.1,7.1
2014,7/9/2014,UK,P,32,Porter Patch,323,10.0,9.2,19.0,,32.2,5.2
2014,7/9/2014,UK,P,32,Porter Patch,324,,10.1,20.2,,5.6,6.7
2014,7/15/2014,UK,P,33,Admiral,331,,8.5,16.9,,4.0,2.8
2014,7/15/2014,UK,P,33,Admiral,332,,10.3,15.9,,,
2014,7/15/2014,UK,P,33,Admiral,333,,9.9,18.2,,4.8,5.6
2014,7/15/2014,UK,P,33,Admiral,334,5.3,4.7,13.6,,2.6,5.3
2014,8/18/2014,MK,P,34,West Turtle Shoal,341,15.0,28.2,24.8,,20.0,10.0
2014,8/18/2014,MK,P,34,West Turtle Shoal,342,31.0,29.0,20.5,,19.1,14.5
2014,8/18/2014,MK,P,34,West Turtle Shoal,343,37.7,25.1,19.8,,17.6,17.4
2014,8/18/2014,MK,P,34,West Turtle Shoal,344,30.0,22.6,21.5,,7.6,16.4
2014,8/16/2014,MK,P,35,Dustan Rocks,351,37.0,28.4,24.0,,14.0,51.3
2014,8/16/2014,MK,P,35,Dustan Rocks,352,7.0,31.7,25.4,,8.0,47.5
2014,8/16/2014,MK,P,35,Dustan Rocks,353,,23.7,20.4,,7.8,42.4
2014,8/16/2014,MK,P,35,Dustan Rocks,354,,21.9,13.7,,5.0,17.9
2014,8/11/2014,LK,P,36,West Washer Women,361,32.0,47.5,51.8,,33.0,77.9
2014,8/11/2014,LK,P,36,West Washer Women,362,,49.4,42.8,,44.4,80.9
2014,8/11/2014,LK,P,36,West Washer Women,363,,45.0,54.5,,39.7,51.4
2014,8/11/2014,LK,P,36,West Washer Women,364,5.0,14.5,55.7,,32.0,80.7
2014,8/8/2014,LK,P,38,Cliff Green,381,34.0,50.9,55.4,,38.3,54.6
2014,8/8/2014,LK,P,38,Cliff Green,382,41.0,63.4,51.1,,42.2,57.8
2014,8/8/2014,LK,P,38,Cliff Green,383,,47.3,38.0,,43.2,50.0
2014,8/8/2014,LK,P,38,Cliff Green,384,,58.5,55.5,,40.8,61.5
2014,7/8/2014,UK,OS,50,Carysfort Shallow,501,,28.1,55.0,,20.0,
2014,7/8/2014,UK,OS,50,Carysfort Shallow,502,,42.0,,,,
2014,7/17/2014,UK,OS,50,Carysfort Shallow,503,,21.2,23.6,,44.5,
2014,7/17/2014,UK,OS,50,Carysfort Shallow,504,,27.0,23.5,,65.0,
2014,7/11/2014,UK,OS,52,Molasses Shallow,521,42.0,27.6,30.4,,66.0,
2014,7/11/2014,UK,OS,52,Molasses Shallow,522,,24.6,33.3,,,
2014,7/11/2014,UK,OS,52,Molasses Shallow,523,,12.3,23.7,,15.0,
2014,7/8/2014,UK,OS,52,Molasses Shallow,524,,13.7,18.9,,,
2014,7/16/2014,MK,OS,54,Alligator Shallow,541,26.0,6.0,20.9,,24.1,5.0
2014,7/16/2014,MK,OS,54,Alligator Shallow,542,20.8,17.5,27.4,,25.3,
2014,7/16/2014,MK,OS,54,Alligator Shallow,543,29.0,7.0,18.8,,23.1,8.5
2014,7/16/2014,MK,OS,54,Alligator Shallow,544,,6.0,16.5,,26.4,9.0
2014,8/15/2014,MK,OS,55,Tennessee Shallow,551,,3.7,22.7,6.0,62.7,4.0
2014,8/15/2014,MK,OS,55,Tennessee Shallow,552,12.0,3.5,16.9,6.0,24.2,1.0
2014,8/15/2014,MK,OS,55,Tennessee Shallow,553,,3.4,17.2,,26.4,2.9
2014,8/15/2014,MK,OS,55,Tennessee Shallow,554,,3.0,17.1,,30.2,4.3
2014,5/28/2014,MK,OS,56,Sombrero Shallow,561,,18.3,35.8,,1.0,20.0
2014,5/28/2014,MK,OS,56,Sombrero Shallow,562,16.0,30.2,24.4,,29.5,15.6
2014,7/7/2014,MK,OS,56,Sombrero Shallow,563,,10.7,31.0,,46.8,14.3
2014,7/7/2014,MK,OS,56,Sombrero Shallow,564,42.0,32.9,28.5,,26.0,35.2
2014,8/7/2014,LK,OS,59,Western Sambo Shallow,591,,16.5,32.4,,7.0,
2014,8/7/2014,LK,OS,59,Western Sambo Shallow,592,,22.1,31.5,,4.0,
2014,8/7/2014,LK,OS,59,Western Sambo Shallow,593,,40.0,40.9,,,
2014,8/7/2014,LK,OS,59,Western Sambo Shallow,594,,43.1,41.7,,27.0,16.0
2014,8/5/2014,LK,OS,61,Sand Key Shallow,611,,3.7,31.3,,,7.0
2014,8/5/2014,LK,OS,61,Sand Key Shallow,612,8.0,19.4,35.9,,,
2014,8/5/2014,LK,OS,61,Sand Key Shallow,613,,6.0,28.8,,17.0,
2014,8/5/2014,LK,OS,61,Sand Key Shallow,614,,9.2,22.9,,35.0,
2014,7/8/2014,UK,OD,70,Carysfort Deep,701,,,27.0,18.5,,
2014,7/8/2014,UK,OD,70,Carysfort Deep,702,,,,18.4,,
2014,7/14/2014,UK,OD,70,Carysfort Deep,703,,,,17.9,,
2014,7/14/2014,UK,OD,70,Carysfort Deep,704,,,,13.6,,
2014,10/19/2014,UK,OD,72,Molasses Deep,721,,33.0,18.3,10.6,24.0,19.0
2014,10/16/2014,UK,OD,72,Molasses Deep,722,,10.8,15.7,12.8,6.0,
2014,7/19/2014,UK,OD,72,Molasses Deep,723,,8.4,18.7,15.1,,
2014,7/19/2014,UK,OD,72,Molasses Deep,724,,15.6,23.4,16.0,60.0,14.0
2014,7/16/2014,MK,OD,74,Alligator Deep,741,,6.0,20.6,13.0,23.0,
2014,7/16/2014,MK,OD,74,Alligator Deep,742,15.0,4.0,17.4,13.1,25.0,
2014,7/16/2014,MK,OD,74,Alligator Deep,743,22.0,3.7,20.3,15.0,13.0,6.0
2014,7/16/2014,MK,OD,74,Alligator Deep,744,55.0,2.9,20.0,7.0,24.1,11.0
2014,8/15/2014,MK,OD,75,Tennessee Deep,751,48.0,31.0,26.5,17.7,18.0,3.5
2014,8/15/2014,MK,OD,75,Tennessee Deep,752,69.0,26.1,22.7,16.1,,
2014,8/15/2014,MK,OD,75,Tennessee Deep,753,11.0,18.5,21.6,15.3,36.0,
2014,8/15/2014,MK,OD,75,Tennessee Deep,754,,24.1,20.7,25.8,9.0,3.0
2014,5/27/2014,MK,OD,76,Sombrero Deep,761,26.0,5.3,18.1,15.2,21.0,
2014,5/28/2014,MK,OD,76,Sombrero Deep,762,,10.8,24.2,14.8,17.0,
2014,5/29/2014,MK,OD,76,Sombrero Deep,763,25.5,8.3,16.2,9.5,20.0,
2014,5/29/2014,MK,OD,76,Sombrero Deep,764,,5.8,18.8,11.9,12.8,
2014,8/7/2014,LK,OD,79,Western Sambo Deep,791,4.0,4.2,21.8,13.8,41.0,5.0
2014,8/7/2014,LK,OD,79,Western Sambo Deep,792,9.0,4.3,15.9,9.7,17.5,
2014,8/7/2014,LK,OD,79,Western Sambo Deep,793,33.0,5.0,28.7,6.0,6.0,7.0
2014,8/7/2014,LK,OD,79,Western Sambo Deep,794,14.0,4.3,25.5,7.0,7.0,1.0
2014,8/4/2014,LK,OD,81,Sand Key Deep,811,33.1,4.3,19.3,12.3,11.0,
2014,8/4/2014,LK,OD,81,Sand Key Deep,812,34.4,5.5,23.1,11.2,20.8,
2014,8/4/2014,LK,OD,81,Sand Key Deep,813,24.3,6.4,19.0,3.0,27.7,4.0
2014,8/4/2014,LK,OD,81,Sand Key Deep,814,33.2,3.4,14.1,7.0,10.3,6.3
2015,8/11/2015,LK,P,26,Red Dun Reef,261,27.0,23.9,37.5,,21.2,42.8
2015,8/11/2015,LK,P,26,Red Dun Reef,262,28.2,29.5,32.5,,21.9,56.3
2015,8/11/2015,LK,P,26,Red Dun Reef,263,41.2,58.2,33.3,,49.2,57.2
2015,8/11/2015,LK,P,26,Red Dun Reef,264,44.0,28.0,40.0,,30.2,48.1
2015,7/7/2015,UK,P,32,Porter Patch,321,7.0,7.5,22.2,,18.0,8.5
2015,7/7/2015,UK,P,32,Porter Patch,322,,8.0,23.4,,33.8,7.0
2015,7/7/2015,UK,P,32,Porter Patch,323,,6.0,20.4,,17.1,4.5
2015,7/7/2015,UK,P,32,Porter Patch,324,,10.4,23.6,,10.4,6.5
2015,7/15/2015,UK,P,33,Admiral,331,,9.9,23.5,,,9.5
2015,7/15/2015,UK,P,33,Admiral,332,,9.9,21.7,,,14.0
2015,7/15/2015,UK,P,33,Admiral,333,11.0,11.3,22.5,,6.7,11.2
2015,7/15/2015,UK,P,33,Admiral,334,4.0,6.6,20.5,,4.7,8.0
2015,5/7/2015,MK,P,34,West Turtle Shoal,341,,31.5,20.4,,17.8,11.0
2015,5/7/2015,MK,P,34,West Turtle Shoal,342,25.3,29.4,26.1,,17.0,21.4
2015,5/7/2015,MK,P,34,West Turtle Shoal,343,,29.5,27.1,,19.3,19.2
2015,5/7/2015,MK,P,34,West Turtle Shoal,344,35.0,25.3,26.6,,12.1,23.9
2015,5/11/2015,MK,P,35,Dustan Rocks,351,41.0,26.7,25.8,,10.0,57.0
2015,5/11/2015,MK,P,35,Dustan Rocks,352,4.7,34.4,30.8,,9.5,53.8
2015,5/11/2015,MK,P,35,Dustan Rocks,353,,20.4,23.2,,8.2,29.8
2015,5/11/2015,MK,P,35,Dustan Rocks,354,,23.1,22.1,,10.3,22.6
2015,8/10/2015,LK,P,36,West Washer Women,361,31.0,52.3,56.5,,41.0,75.7
2015,8/10/2015,LK,P,36,West Washer Women,362,76.0,45.4,44.8,,42.4,45.4
2015,8/10/2015,LK,P,36,West Washer Women,363,60.5,45.2,45.0,,45.8,60.1
2015,8/11/2015,LK,P,36,West Washer Women,364,55.0,,41.1,,38.0,78.8
2015,8/6/2015,LK,P,38,Cliff Green,381,,46.9,46.5,,30.1,54.9
2015,8/6/2015,LK,P,38,Cliff Green,382,,59.1,50.4,,48.2,54.6
2015,8/6/2015,LK,P,38,Cliff Green,383,34.0,45.9,40.1,,50.5,42.9
2015,8/6/2015,LK,P,38,Cliff Green,384,64.0,61.4,51.1,,28.6,60.2
2015,7/13/2015,UK,OS,50,Carysfort Shallow,501,,27.8,,,22.0,
2015,7/13/2015,UK,OS,50,Carysfort Shallow,502,,43.5,,,,
2015,7/13/2015,UK,OS,50,Carysfort Shallow,503,,18.8,21.7,,54.3,
2015,7/13/2015,UK,OS,50,Carysfort Shallow,504,,26.4,34.0,,37.7,
2015,7/8/2015,UK,OS,52,Molasses Shallow,521,40.0,28.4,35.0,,61.3,
2015,7/8/2015,UK,OS,52,Molasses Shallow,522,,27.2,35.4,,31.0,
2015,7/8/2015,UK,OS,52,Molasses Shallow,523,,21.5,22.9,,3.0,
2015,7/8/2015,UK,OS,52,Molasses Shallow,524,,17.8,28.8,,24.3,7.0
2015,7/14/2015,MK,OS,54,Alligator Shallow,541,12.0,10.1,21.6,,24.9,
2015,7/14/2015,MK,OS,54,Alligator Shallow,542,,13.7,26.6,,24.3,
2015,7/14/2015,MK,OS,54,Alligator Shallow,543,16.0,8.3,21.6,,26.1,9.0
2015,7/14/2015,MK,OS,54,Alligator Shallow,544,,5.9,18.0,,28.5,10.0
2015,5/12/2015,MK,OS,55,Tennessee Shallow,551,,5.0,20.9,5.0,29.9,3.3
2015,5/12/2015,MK,OS,55,Tennessee Shallow,552,4.0,5.0,19.6,,13.9,3.5
2015,5/12/2015,MK,OS,55,Tennessee Shallow,553,1.0,4.8,19.8,,35.8,6.5
2015,5/12/2015,MK,OS,55,Tennessee Shallow,554,,4.1,17.8,,26.6,5.7
2015,5/8/2015,MK,OS,56,Sombrero Shallow,561,,21.0,33.3,,,17.0
2015,5/8/2015,MK,OS,56,Sombrero Shallow,562,,32.8,26.3,,30.8,22.4
2015,5/8/2015,MK,OS,56,Sombrero Shallow,563,31.0,20.7,42.3,,48.4,16.5
2015,5/8/2015,MK,OS,56,Sombrero Shallow,564,41.0,35.4,31.5,,15.8,40.8
2015,8/4/2015,LK,OS,59,Western Sambo Shallow,591,,16.3,29.3,,5.0,
2015,8/4/2015,LK,OS,59,Western Sambo Shallow,592,,24.7,35.2,,7.0,
2015,8/4/2015,LK,OS,59,Western Sambo Shallow,593,,39.1,36.3,,13.0,15.0
2015,8/4/2015,LK,OS,59,Western Sambo Shallow,594,,45.2,46.0,,19.7,
2015,8/3/2015,LK,OS,61,Sand Key Shallow,611,,5.3,27.7,,,
2015,8/3/2015,LK,OS,61,Sand Key Shallow,612,,16.0,35.8,,,
2015,8/3/2015,LK,OS,61,Sand Key Shallow,613,,8.3,30.9,,14.4,
2015,8/3/2015,LK,OS,61,Sand Key Shallow,614,,7.1,23.8,,21.0,
2015,7/13/2015,UK,OD,70,Carysfort Deep,701,,,,18.9,,
2015,7/13/2015,UK,OD,70,Carysfort Deep,702,,,,18.6,,
2015,7/13/2015,UK,OD,70,Carysfort Deep,703,,,,17.6,,
2015,7/13/2015,UK,OD,70,Carysfort Deep,704,,,23.0,13.8,,
2015,7/8/2015,UK,OD,72,Molasses Deep,721,30.0,25.4,17.0,13.5,24.0,21.0
2015,7/8/2015,UK,OD,72,Molasses Deep,722,,19.5,16.1,9.1,,10.0
2015,7/8/2015,UK,OD,72,Molasses Deep,723,14.0,10.6,18.6,14.3,46.0,
2015,7/8/2015,UK,OD,72,Molasses Deep,724,,18.0,22.9,16.2,37.5,16.0
2015,7/14/2015,MK,OD,74,Alligator Deep,741,,4.3,23.8,14.1,15.3,7.0
2015,7/14/2015,MK,OD,74,Alligator Deep,742,,3.5,19.3,10.3,11.5,15.0
2015,7/14/2015,MK,OD,74,Alligator Deep,743,20.5,4.8,24.3,11.0,6.8,6.0
2015,7/14/2015,MK,OD,74,Alligator Deep,744,13.0,4.6,22.9,14.5,27.0,21.0
2015,5/12/2015,MK,OD,75,Tennessee Deep,751,47.0,28.8,25.1,20.9,,
2015,5/12/2015,MK,OD,75,Tennessee Deep,752,70.0,26.9,27.4,11.2,,
2015,5/12/2015,MK,OD,75,Tennessee Deep,753,15.0,17.1,19.2,11.7,26.5,5.0
2015,5/12/2015,MK,OD,75,Tennessee Deep,754,,29.9,26.0,21.6,11.0,5.0
2015,5/8/2015,MK,OD,76,Sombrero Deep,761,,6.6,18.1,17.3,3.0,
2015,5/8/2015,MK,OD,76,Sombrero Deep,762,,11.6,20.5,16.6,21.3,
2015,5/8/2015,MK,OD,76,Sombrero Deep,763,24.5,10.6,17.8,13.4,14.7,9.0
2015,5/8/2015,MK,OD,76,Sombrero Deep,764,11.5,9.8,22.1,15.9,16.3,7.0
2015,8/7/2015,LK,OD,79,Western Sambo Deep,791,,5.2,22.6,7.9,15.0,
2015,8/7/2015,LK,OD,79,Western Sambo Deep,792,,5.3,15.9,9.8,18.7,
2015,8/7/2015,LK,OD,79,Western Sambo Deep,793,25.0,5.9,26.1,14.0,7.0,17.0
2015,8/7/2015,LK,OD,79,Western Sambo Deep,794,11.5,4.8,22.3,8.5,8.5,
2015,8/3/2015,LK,OD,81,Sand Key Deep,811,50.1,5.6,22.4,9.8,13.2,6.5
2015,8/3/2015,LK,OD,81,Sand Key Deep,812,41.4,5.7,22.7,13.4,12.2,5.0
2015,8/3/2015,LK,OD,81,Sand Key Deep,813,28.1,4.9,15.6,,17.5,4.0
2015,8/3/2015,LK,OD,81,Sand Key Deep,814,34.5,4.2,15.5,,7.4,2.0
2016,8/11/2016,LK,P,26,Red Dun Reef,261,,31.2,34.4,,36.8,33.5
2016,8/11/2016,LK,P,26,Red Dun Reef,262,52.7,36.5,30.9,,42.0,64.5
2016,8/11/2016,LK,P,26,Red Dun Reef,263,50.8,51.4,40.9,,39.2,43.5
2016,8/11/2016,LK,P,26,Red Dun Reef,264,36.6,37.5,29.5,,32.2,49.4
2016,7/12/2016,UK,P,32,Porter Patch,321,12.4,7.3,21.1,,8.4,8.4
2016,7/12/2016,UK,P,32,Porter Patch,322,6.0,8.1,23.8,,31.5,7.0
2016,7/12/2016,UK,P,32,Porter Patch,323,,7.9,26.4,,17.6,6.6
2016,7/12/2016,UK,P,32,Porter Patch,324,11.8,9.5,24.9,,12.0,3.0
2016,7/23/2016,UK,P,33,Admiral,331,3.0,13.2,27.1,,5.0,6.8
2016,7/23/2016,UK,P,33,Admiral,332,,10.6,22.4,,,16.0
2016,7/23/2016,UK,P,33,Admiral,333,,15.5,26.0,,8.7,16.3
2016,7/23/2016,UK,P,33,Admiral,334,7.8,9.2,24.7,,5.2,10.6
2016,5/6/2016,MK,P,34,West Turtle Shoal,341,,35.9,31.4,,20.2,15.5
2016,5/6/2016,MK,P,34,West Turtle Shoal,342,30.0,31.9,23.7,,20.4,16.6
2016,5/6/2016,MK,P,34,West Turtle Shoal,343,,28.8,19.1,,19.1,24.0
2016,5/6/2016,MK,P,34,West Turtle Shoal,344,,28.8,28.7,,13.1,20.8
2016,5/4/2016,MK,P,35,Dustan Rocks,351,45.0,30.7,28.4,,18.6,70.0
2016,5/3/2016,MK,P,35,Dustan Rocks,352,17.0,33.8,30.2,,10.0,38.9
2016,5/4/2016,MK,P,35,Dustan Rocks,353,,24.8,27.4,,12.0,41.5
2016,5/4/2016,MK,P,35,Dustan Rocks,354,,29.9,26.2,,12.0,27.3
2016,8/11/2016,LK,P,36,West Washer Women,361,32.0,54.3,39.8,,38.6,81.8
2016,8/11/2016,LK,P,36,West Washer Women,362,86.0,46.1,45.0,,47.4,51.4
2016,8/11/2016,LK,P,36,West Washer Women,363,64.0,55.0,52.4,,43.7,65.7
2016,8/11/2016,LK,P,36,West Washer Women,364,55.0,,37.8,,39.5,80.1
2016,9/17/2016,LK,P,38,Cliff Green,381,,50.6,50.5,,39.0,45.7
2016,9/17/2016,LK,P,38,Cliff Green,382,,58.2,49.4,,53.8,58.1
2016,9/17/2016,LK,P,38,Cliff Green,383,,49.9,40.3,,42.6,45.7
2016,9/17/2016,LK,P,38,Cliff Green,384,62.5,57.7,54.0,,40.5,61.7
2016,7/22/2016,UK,OS,50,Carysfort Shallow,501,,30.6,30.0,,24.0,
2016,7/22/2016,UK,OS,50,Carysfort Shallow,502,,44.7,,,,
2016,7/22/2016,UK,OS,50,Carysfort Shallow,503,,19.0,24.4,,62.0,12.0
2016,7/22/2016,UK,OS,50,Carysfort Shallow,504,,31.4,31.4,,57.5,
2016,7/12/2016,UK,OS,52,Molasses Shallow,521,,22.7,26.1,,60.3,
2016,7/12/2016,UK,OS,52,Molasses Shallow,522,,23.7,30.3,,10.5,
2016,7/12/2016,UK,OS,52,Molasses Shallow,523,,8.5,25.4,,12.5,
2016,7/12/2016,UK,OS,52,Molasses Shallow,524,,10.5,25.1,,54.0,7.0
2016,7/13/2016,MK,OS,54,Alligator Shallow,541,18.8,8.8,21.5,,27.3,4.0
2016,7/13/2016,MK,OS,54,Alligator Shallow,542,38.0,15.6,28.2,,27.0,
2016,7/13/2016,MK,OS,54,Alligator Shallow,543,34.0,7.5,19.8,,29.3,9.0
2016,7/13/2016,MK,OS,54,Alligator Shallow,544,,6.2,18.6,,27.4,10.0
2016,5/8/2016,MK,OS,55,Tennessee Shallow,551,,6.1,21.5,8.0,25.5,4.7
2016,5/8/2016,MK,OS,55,Tennessee Shallow,552,21.0,4.4,18.0,,22.3,5.0
2016,5/8/2016,MK,OS,55,Tennessee Shallow,553,9.0,4.5,20.1,,27.0,7.8
2016,5/8/2016,MK,OS,55,Tennessee Shallow,554,,4.1,18.7,,27.1,7.0
2016,5/7/2016,MK,OS,56,Sombrero Shallow,561,,22.9,34.6,,,18.7
2016,5/7/2016,MK,OS,56,Sombrero Shallow,562,13.0,36.7,26.1,,19.5,18.0
2016,5/7/2016,MK,OS,56,Sombrero Shallow,563,,12.8,34.2,,46.6,16.0
2016,5/7/2016,MK,OS,56,Sombrero Shallow,564,46.0,34.8,30.1,,9.3,42.7
2016,8/10/2016,LK,OS,59,Western Sambo Shallow,591,,16.5,33.8,,6.3,
2016,8/10/2016,LK,OS,59,Western Sambo Shallow,592,,26.9,36.7,,8.0,
2016,8/10/2016,LK,OS,59,Western Sambo Shallow,593,,41.0,37.8,,,
2016,8/10/2016,LK,OS,59,Western Sambo Shallow,594,,47.7,47.1,,9.0,
2016,8/9/2016,LK,OS,61,Sand Key Shallow,611,,4.0,33.2,6.0,,
2016,8/9/2016,LK,OS,61,Sand Key Shallow,612,,20.6,36.2,,,
2016,8/9/2016,LK,OS,61,Sand Key Shallow,613,,11.0,33.1,,20.5,
2016,8/9/2016,LK,OS,61,Sand Key Shallow,614,,24.8,25.9,,21.0,
2016,7/22/2016,UK,OD,70,Carysfort Deep,701,29.0,,7.0,19.7,,
2016,7/22/2016,UK,OD,70,Carysfort Deep,702,,,,20.9,,
2016,7/22/2016,UK,OD,70,Carysfort Deep,703,,,8.0,17.7,,
2016,7/22/2016,UK,OD,70,Carysfort Deep,704,,,,17.6,,
2016,7/21/2016,UK,OD,72,Molasses Deep,721,50.0,28.5,18.6,,22.3,22.0
2016,7/21/2016,UK,OD,72,Molasses Deep,722,,9.8,17.1,10.0,,15.0
2016,7/21/2016,UK,OD,72,Molasses Deep,723,,9.6,19.9,12.6,60.0,
2016,7/12/2016,UK,OD,72,Molasses Deep,724,22.0,20.4,23.8,,7.0,12.0
2016,7/13/2016,MK,OD,74,Alligator Deep,741,16.0,4.4,19.2,10.7,20.8,5.0
2016,7/13/2016,MK,OD,74,Alligator Deep,742,,3.5,16.6,9.4,13.6,
2016,7/13/2016,MK,OD,74,Alligator Deep,743,20.0,6.2,16.2,12.5,7.4,
2016,7/13/2016,MK,OD,74,Alligator Deep,744,47.8,6.0,20.4,15.0,29.2,
2016,5/8/2016,MK,OD,75,Tennessee Deep,751,50.0,22.6,20.9,17.8,22.5,
2016,5/8/2016,MK,OD,75,Tennessee Deep,752,70.0,26.6,18.9,13.0,3.0,
2016,5/8/2016,MK,OD,75,Tennessee Deep,753,,23.5,22.2,13.1,40.0,
2016,5/8/2016,MK,OD,75,Tennessee Deep,754,,27.8,20.9,12.7,11.0,8.0
2016,5/7/2016,MK,OD,76,Sombrero Deep,761,28.0,7.0,18.7,14.8,17.3,
2016,5/7/2016,MK,OD,76,Sombrero Deep,762,,19.3,22.1,16.4,30.5,
2016,5/7/2016,MK,OD,76,Sombrero Deep,763,9.0,10.5,17.9,15.4,14.3,6.0
2016,5/7/2016,MK,OD,76,Sombrero Deep,764,,8.2,18.9,17.1,19.2,
2016,8/12/2016,LK,OD,79,Western Sambo Deep,791,,7.2,22.6,14.6,,
2016,8/12/2016,LK,OD,79,Western Sambo Deep,792,,8.2,18.9,11.9,26.0,
2016,8/12/2016,LK,OD,79,Western Sambo Deep,793,10.0,5.3,25.8,,,
2016,8/12/2016,LK,OD,79,Western Sambo Deep,794,7.0,5.3,22.3,7.8,6.0,
2016,8/9/2016,LK,OD,81,Sand Key Deep,811,49.0,6.4,19.9,12.2,9.1,8.3
2016,8/9/2016,LK,OD,81,Sand Key Deep,812,26.8,10.5,22.0,18.0,25.3,
2016,8/9/2016,LK,OD,81,Sand Key Deep,813,20.8,5.1,17.4,,22.4,
2016,8/9/2016,LK,OD,81,Sand Key Deep,814,41.4,5.7,16.4,,10.9,3.3
2017,8/18/2017,LK,P,26,Red Dun Reef,261,23.5,31.1,40.2,,31.2,46.8
2017,8/18/2017,LK,P,26,Red Dun Reef,262,42.3,37.4,31.6,,26.9,53.8
2017,8/18/2017,LK,P,26,Red Dun Reef,263,37.8,58.0,41.3,,28.4,40.0
2017,8/18/2017,LK,P,26,Red Dun Reef,264,45.7,34.6,37.2,,40.2,44.0
2017,7/11/2017,UK,P,32,Porter Patch,321,17.8,10.2,23.9,,12.2,12.3
2017,7/11/2017,UK,P,32,Porter Patch,322,20.0,11.4,25.2,,26.7,9.0
2017,7/11/2017,UK,P,32,Porter Patch,323,10.8,10.0,25.2,,19.0,6.7
2017,7/11/2017,UK,P,32,Porter Patch,324,15.0,12.1,26.8,,11.8,5.0
2017,7/20/2017,UK,P,33,Admiral,331,5.5,16.6,30.1,,9.5,8.0
2017,8/29/2017,UK,P,33,Admiral,332,12.0,14.8,29.2,,13.0,13.7
2017,7/20/2017,UK,P,33,Admiral,333,5.0,16.9,28.2,,12.8,20.3
2017,7/20/2017,UK,P,33,Admiral,334,8.0,12.3,25.1,,8.7,10.4
2017,5/10/2017,MK,P,34,West Turtle Shoal,341,,34.1,29.2,,19.1,14.3
2017,5/10/2017,MK,P,34,West Turtle Shoal,342,7.0,30.3,29.2,,19.0,7.5
2017,5/10/2017,MK,P,34,West Turtle Shoal,343,14.2,31.5,24.8,,30.0,30.3
2017,5/10/2017,MK,P,34,West Turtle Shoal,344,35.5,35.3,35.5,,17.5,24.8
2017,5/16/2017,MK,P,35,Dustan Rocks,351,16.3,35.3,32.2,,19.0,60.0
2017,5/12/2017,MK,P,35,Dustan Rocks,352,13.6,25.9,30.3,,17.8,64.4
2017,5/16/2017,MK,P,35,Dustan Rocks,353,32.0,25.0,28.7,,15.0,33.0
2017,5/16/2017,MK,P,35,Dustan Rocks,354,,32.9,27.1,,27.0,31.5
2017,8/17/2017,LK,P,36,West Washer Women,361,,53.3,54.8,,38.7,66.3
2017,8/17/2017,LK,P,36,West Washer Women,362,,50.0,43.7,,52.7,48.8
2017,8/17/2017,LK,P,36,West Washer Women,363,,62.5,47.3,,48.0,51.3
2017,8/17/2017,LK,P,36,West Washer Women,364,,41.0,44.4,,58.0,67.3
2017,8/20/2017,LK,P,38,Cliff Green,381,24.0,50.7,43.2,,42.9,41.9
2017,8/20/2017,LK,P,38,Cliff Green,382,8.0,49.3,40.2,,44.6,46.1
2017,8/20/2017,LK,P,38,Cliff Green,383,30.0,52.1,44.1,,48.5,38.9
2017,8/20/2017,LK,P,38,Cliff Green,384,65.0,59.0,48.1,,34.0,44.9
2017,7/15/2017,UK,OS,50,Carysfort Shallow,501,,30.1,,,21.0,
2017,7/15/2017,UK,OS,50,Carysfort Shallow,502,,39.6,,,,
2017,7/16/2017,UK,OS,50,Carysfort Shallow,503,,21.8,24.8,,72.5,
2017,7/16/2017,UK,OS,50,Carysfort Shallow,504,,29.2,30.2,21.3,62.5,
2017,7/12/2017,UK,OS,52,Molasses Shallow,521,6.0,22.2,32.2,,59.7,38.0
2017,7/12/2017,UK,OS,52,Molasses Shallow,522,,20.5,33.9,,,
2017,7/12/2017,UK,OS,52,Molasses Shallow,523,,4.3,25.1,,21.0,
2017,7/12/2017,UK,OS,52,Molasses Shallow,524,,10.5,23.0,,46.0,8.0
2017,7/18/2017,MK,OS,54,Alligator Shallow,543,22.0,8.9,21.1,,32.0,17.0
2017,7/18/2017,MK,OS,54,Alligator Shallow,544,,7.3,17.7,,32.3,10.5
2017,5/11/2017,MK,OS,55,Tennessee Shallow,551,2.5,5.9,21.6,,64.8,
2017,5/11/2017,MK,OS,55,Tennessee Shallow,552,6.5,5.5,20.6,,37.1,4.3
2017,5/11/2017,MK,OS,55,Tennessee Shallow,553,21.0,5.8,20.5,2.0,15.1,8.4
2017,5/11/2017,MK,OS,55,Tennessee Shallow,554,,5.4,18.5,,25.5,11.8
2017,5/12/2017,MK,OS,56,Sombrero Shallow,561,,28.8,36.8,,,18.5
2017,5/12/2017,MK,OS,56,Sombrero Shallow,562,,31.0,26.3,,14.5,18.0
2017,5/12/2017,MK,OS,56,Sombrero Shallow,563,,15.7,35.8,,34.2,15.0
2017,5/12/2017,MK,OS,56,Sombrero Shallow,564,47.0,34.2,28.1,,5.0,31.6
2017,8/16/2017,LK,OS,59,Western Sambo Shallow,591,,15.1,29.5,,9.0,
2017,8/16/2017,LK,OS,59,Western Sambo Shallow,592,,30.7,38.0,,7.0,
2017,8/16/2017,LK,OS,59,Western Sambo Shallow,593,,38.9,43.7,,,20.0
2017,8/16/2017,LK,OS,59,Western Sambo Shallow,594,,42.8,45.7,,24.5,2.0
2017,8/15/2017,LK,OS,61,Sand Key Shallow,611,,4.2,20.8,,,
2017,8/15/2017,LK,OS,61,Sand Key Shallow,612,,13.0,27.0,,,
2017,8/15/2017,LK,OS,61,Sand Key Shallow,613,,6.6,27.5,,27.3,
2017,8/15/2017,LK,OS,61,Sand Key Shallow,614,,9.5,21.8,,17.0,
2017,7/16/2017,UK,OD,70,Carysfort Deep,701,,,,21.3,,
2017,7/16/2017,UK,OD,70,Carysfort Deep,702,,,,23.6,,
2017,7/16/2017,UK,OD,70,Carysfort Deep,703,,,19.5,18.3,,
2017,7/16/2017,UK,OD,70,Carysfort Deep,704,,4.0,13.0,16.6,,
2017,7/12/2017,UK,OD,72,Molasses Deep,721,8.5,19.3,17.5,11.1,26.0,14.0
2017,7/12/2017,UK,OD,72,Molasses Deep,722,2.0,8.5,16.0,11.8,,17.0
2017,7/12/2017,UK,OD,72,Molasses Deep,723,,8.2,15.4,11.5,80.0,8.0
2017,7/12/2017,UK,OD,72,Molasses Deep,724,,11.8,17.4,8.6,,16.0
2017,7/18/2017,MK,OD,74,Alligator Deep,743,19.5,5.4,17.2,14.2,9.8,
2017,5/11/2017,MK,OD,75,Tennessee Deep,751,27.5,27.7,28.0,19.8,26.0,14.0
2017,5/11/2017,MK,OD,75,Tennessee Deep,752,,28.1,22.2,16.7,5.0,
2017,5/11/2017,MK,OD,75,Tennessee Deep,753,,22.1,25.7,15.2,25.5,
2017,5/11/2017,MK,OD,75,Tennessee Deep,754,,32.8,23.8,13.9,10.5,
2017,5/12/2017,MK,OD,76,Sombrero Deep,761,,10.3,23.1,16.0,10.5,
2017,5/12/2017,MK,OD,76,Sombrero Deep,762,,17.7,26.6,16.1,23.7,
2017,5/12/2017,MK,OD,76,Sombrero Deep,763,3.0,12.0,14.8,18.1,12.0,5.3
2017,5/12/2017,MK,OD,76,Sombrero Deep,764,4.0,9.9,22.1,16.6,13.2,4.0
2017,8/16/2017,LK,OD,79,Western Sambo Deep,791,,6.3,19.3,15.7,20.0,
2017,8/16/2017,LK,OD,79,Western Sambo Deep,792,7.0,10.1,11.7,12.7,17.8,2.0
2017,8/16/2017,LK,OD,79,Western Sambo Deep,793,24.0,6.4,21.0,4.4,8.0,
2017,8/16/2017,LK,OD,79,Western Sambo Deep,794,,7.8,21.0,11.2,6.0,
2017,8/15/2017,LK,OD,81,Sand Key Deep,811,45.3,4.0,11.4,20.8,10.3,
2017,8/15/2017,LK,OD,81,Sand Key Deep,812,47.6,4.3,14.3,13.3,17.1,5.0
2017,8/15/2017,LK,OD,81,Sand Key Deep,813,35.8,3.7,10.3,,25.0,4.8
2017,8/15/2017,LK,OD,81,Sand Key Deep,814,35.0,3.0,11.1,,8.9,3.6
2018,7/10/2018,UK,P,32,Porter Patch,321,,9.3,21.0,,26.0,9.2
2018,7/10/2018,UK,P,32,Porter Patch,322,,11.4,26.1,22.5,35.3,16.0
2018,7/10/2018,UK,P,32,Porter Patch,323,,13.5,27.4,24.0,27.1,
2018,7/10/2018,UK,P,32,Porter Patch,324,,12.0,28.6,,31.0,11.5
2018,7/12/2018,UK,P,33,Admiral,331,,17.9,30.9,,7.0,
2018,7/12/2018,UK,P,33,Admiral,332,,14.6,27.9,,,11.2
2018,7/12/2018,UK,P,33,Admiral,333,,17.0,24.4,,18.3,13.2
2018,7/12/2018,UK,P,33,Admiral,334,,14.9,29.4,22.1,10.6,8.3
2018,5/17/2018,MK,P,34,West Turtle Shoal,341,,40.8,37.7,,31.5,18.3
2018,5/17/2018,MK,P,34,West Turtle Shoal,342,,35.6,28.7,,14.5,21.0
2018,5/17/2018,MK,P,34,West Turtle Shoal,343,,33.3,28.9,,24.3,27.0
2018,5/17/2018,MK,P,34,West Turtle Shoal,344,,33.2,37.3,,23.0,18.5
2018,5/19/2018,MK,P,35,Dustan Rocks,351,,28.7,28.4,,17.8,89.0
2018,5/19/2018,MK,P,35,Dustan Rocks,352,,25.4,30.2,,8.2,55.0
2018,5/18/2018,MK,P,35,Dustan Rocks,353,,18.2,21.6,,20.6,57.7
2018,5/18/2018,MK,P,35,Dustan Rocks,354,,38.4,28.2,,32.0,29.3
2018,8/10/2018,LK,P,36,West Washer Women,361,,65.0,44.0,,31.8,72.3
2018,8/10/2018,LK,P,36,West Washer Women,362,,50.1,50.3,,49.2,39.2
2018,8/10/2018,LK,P,36,West Washer Women,363,,51.0,51.4,,48.3,66.3
2018,8/10/2018,LK,P,36,West Washer Women,364,,,40.9,,30.7,79.7
2018,8/9/2018,LK,P,38,Cliff Green,381,,50.8,35.4,,43.8,54.0
2018,8/9/2018,LK,P,38,Cliff Green,382,,51.0,40.3,,51.6,47.6
2018,8/9/2018,LK,P,38,Cliff Green,383,,55.6,45.2,,52.1,50.1
2018,8/9/2018,LK,P,38,Cliff Green,384,,68.6,52.4,,24.0,52.9
2018,7/13/2018,UK,OS,50,Carysfort Shallow,501,,30.6,,6.3,12.5,
2018,7/13/2018,UK,OS,50,Carysfort Shallow,502,,33.2,,5.8,,
2018,7/13/2018,UK,OS,50,Carysfort Shallow,503,,20.5,22.5,,47.0,23.0
2018,7/13/2018,UK,OS,50,Carysfort Shallow,504,,26.3,35.0,,46.0,4.0
2018,7/10/2018,UK,OS,52,Molasses Shallow,521,,16.8,16.7,7.0,,
2018,7/10/2018,UK,OS,52,Molasses Shallow,522,,22.8,20.9,44.0,12.5,
2018,7/11/2018,UK,OS,52,Molasses Shallow,523,,10.0,8.5,,,
2018,7/11/2018,UK,OS,52,Molasses Shallow,524,,12.4,18.4,,31.0,
2018,7/16/2018,MK,OS,54,Alligator Shallow,541,,4.9,6.0,,22.7,
2018,7/16/2018,MK,OS,54,Alligator Shallow,542,,9.3,4.6,,34.3,
2018,7/16/2018,MK,OS,54,Alligator Shallow,543,,3.4,4.1,,27.3,
2018,7/16/2018,MK,OS,54,Alligator Shallow,544,,3.8,5.7,,28.3,
2018,5/18/2018,MK,OS,55,Tennessee Shallow,551,,5.6,12.5,,6.3,
2018,5/18/2018,MK,OS,55,Tennessee Shallow,552,,4.1,12.8,,17.5,
2018,5/18/2018,MK,OS,55,Tennessee Shallow,553,,2.5,10.3,,61.5,
2018,5/18/2018,MK,OS,55,Tennessee Shallow,554,,3.0,8.0,,64.0,
2018,5/23/2018,MK,OS,56,Sombrero Shallow,561,,30.2,30.9,,22.0,
2018,5/23/2018,MK,OS,56,Sombrero Shallow,562,,37.3,20.2,,27.5,
2018,5/23/2018,MK,OS,56,Sombrero Shallow,563,,22.9,26.7,,22.5,35.0
2018,5/23/2018,MK,OS,56,Sombrero Shallow,564,,35.9,28.6,,20.0,24.7
2018,8/8/2018,LK,OS,59,Western Sambo Shallow,591,,11.8,25.7,,5.0,
2018,8/8/2018,LK,OS,59,Western Sambo Shallow,592,,37.1,41.8,,10.0,
2018,8/8/2018,LK,OS,59,Western Sambo Shallow,593,,44.2,42.5,,,22.0
2018,8/8/2018,LK,OS,59,Western Sambo Shallow,594,,48.4,47.7,,25.5,
2018,8/7/2018,LK,OS,61,Sand Key Shallow,611,,3.3,19.1,,4.0,1.0
2018,8/7/2018,LK,OS,61,Sand Key Shallow,612,,11.8,28.7,,12.0,
2018,8/7/2018,LK,OS,61,Sand Key Shallow,613,,10.0,28.0,,22.0,
2018,8/7/2018,LK,OS,61,Sand Key Shallow,614,,19.1,18.8,,38.0,
2018,7/13/2018,UK,OD,70,Carysfort Deep,701,,,,21.8,,
2018,7/13/2018,UK,OD,70,Carysfort Deep,702,,,,18.3,,
2018,7/13/2018,UK,OD,70,Carysfort Deep,703,,,14.0,17.6,,
2018,7/13/2018,UK,OD,70,Carysfort Deep,704,,,10.3,15.7,,
2018,7/14/2018,UK,OD,72,Molasses Deep,721,,6.3,10.9,5.0,23.0,
2018,7/14/2018,UK,OD,72,Molasses Deep,722,,7.2,12.4,12.3,,
2018,7/13/2018,UK,OD,72,Molasses Deep,723,,3.4,11.6,13.7,78.0,
2018,7/14/2018,UK,OD,72,Molasses Deep,724,,5.8,12.4,10.8,5.0,16.0
2018,7/16/2018,MK,OD,74,Alligator Deep,741,,3.0,15.5,,20.0,
2018,7/16/2018,MK,OD,74,Alligator Deep,742,,2.6,9.6,,17.8,1.0
2018,7/16/2018,MK,OD,74,Alligator Deep,743,,5.0,13.6,,6.5,
2018,7/16/2018,MK,OD,74,Alligator Deep,744,,3.5,14.0,8.7,21.0,
2018,5/18/2018,MK,OD,75,Tennessee Deep,751,,29.6,18.1,14.4,5.0,8.0
2018,5/18/2018,MK,OD,75,Tennessee Deep,752,,31.9,27.8,18.8,,
2018,5/18/2018,MK,OD,75,Tennessee Deep,753,,25.0,22.8,14.5,37.0,
2018,5/18/2018,MK,OD,75,Tennessee Deep,754,,34.1,24.6,13.5,11.7,
2018,5/19/2018,MK,OD,76,Sombrero Deep,761,,6.3,15.2,13.8,26.0,
2018,5/19/2018,MK,OD,76,Sombrero Deep,762,,16.4,25.9,21.6,25.0,
2018,5/19/2018,MK,OD,76,Sombrero Deep,763,,12.2,19.1,16.1,21.0,1.0
2018,5/19/2018,MK,OD,76,Sombrero Deep,764,,6.3,21.1,17.5,20.3,
2018,8/8/2018,LK,OD,79,Western Sambo Deep,791,,4.9,19.9,17.1,,
2018,8/8/2018,LK,OD,79,Western Sambo Deep,792,,8.3,14.2,15.4,19.0,
2018,8/8/2018,LK,OD,79,Western Sambo Deep,793,,5.2,23.8,,,
2018,8/8/2018,LK,OD,79,Western Sambo Deep,794,,5.5,16.1,4.3,3.0,
2018,8/7/2018,LK,OD,81,Sand Key Deep,811,,4.6,11.8,9.0,8.9,3.5
2018,8/7/2018,LK,OD,81,Sand Key Deep,812,,4.9,16.6,9.3,24.3,
2018,8/7/2018,LK,OD,81,Sand Key Deep,813,,4.2,13.3,,30.3,3.0
2018,8/7/2018,LK,OD,81,Sand Key Deep,814,,4.4,11.3,7.0,10.1,2.0
2019,6/18/2019,UK,P,32,Porter Patch,321,,14.8,23.3,,34.6,8.5
2019,6/18/2019,UK,P,32,Porter Patch,322,,14.9,25.4,,28.3,6.1
2019,6/18/2019,UK,P,32,Porter Patch,323,,12.1,30.7,,28.1,6.5
2019,6/18/2019,UK,P,32,Porter Patch,324,,18.4,24.9,,10.4,5.3
2019,6/19/2019,UK,P,33,Admiral,331,,18.0,28.7,,8.0,
2019,6/19/2019,UK,P,33,Admiral,332,,15.9,27.0,,21.0,9.9
2019,6/19/2019,UK,P,33,Admiral,333,,20.3,24.6,,9.3,8.2
2019,6/19/2019,UK,P,33,Admiral,334,,14.5,28.6,,13.0,7.7
2019,5/17/2019,MK,P,34,West Turtle Shoal,341,,39.3,33.5,,23.7,13.8
2019,5/17/2019,MK,P,34,West Turtle Shoal,342,,35.3,27.0,,15.8,18.7
2019,5/17/2019,MK,P,34,West Turtle Shoal,343,,25.0,21.7,,23.1,27.3
2019,5/17/2019,MK,P,34,West Turtle Shoal,344,,27.3,27.7,,9.5,15.0
2019,5/14/2019,MK,P,35,Dustan Rocks,351,,21.6,31.3,,22.0,36.7
2019,5/16/2019,MK,P,35,Dustan Rocks,352,,20.6,26.2,,5.1,41.7
2019,5/16/2019,MK,P,35,Dustan Rocks,353,,22.1,19.3,,27.8,43.8
2019,5/16/2019,MK,P,35,Dustan Rocks,354,,35.0,28.6,,,26.5
2019,7/12/2019,LK,P,36,West Washer Women,361,,53.0,52.8,,35.5,53.4
2019,7/12/2019,LK,P,36,West Washer Women,362,,47.8,41.3,,49.8,48.3
2019,7/12/2019,LK,P,36,West Washer Women,363,,41.4,48.4,,57.5,63.8
2019,7/12/2019,LK,P,36,West Washer Women,364,,,43.2,,33.0,78.4
2019,7/16/2019,LK,P,38,Cliff Green,381,,55.9,38.4,,29.6,51.4
2019,7/16/2019,LK,P,38,Cliff Green,382,,53.1,33.1,,52.2,52.8
2019,7/16/2019,LK,P,38,Cliff Green,383,,48.3,36.7,,43.5,45.5
2019,7/16/2019,LK,P,38,Cliff Green,384,,63.4,40.3,,28.3,46.0
2019,6/12/2019,UK,OS,50,Carysfort Shallow,501,,24.8,,,27.0,
2019,6/12/2019,UK,OS,50,Carysfort Shallow,502,,26.9,,,,
2019,6/12/2019,UK,OS,50,Carysfort Shallow,503,,25.0,22.3,,42.7,
2019,6/12/2019,UK,OS,50,Carysfort Shallow,504,,31.1,39.5,,45.7,
2019,6/11/2019,UK,OS,52,Molasses Shallow,521,,19.9,17.8,,33.5,
2019,6/11/2019,UK,OS,52,Molasses Shallow,522,,16.3,11.1,,25.0,
2019,6/11/2019,UK,OS,52,Molasses Shallow,523,,5.4,4.6,,,
2019,6/11/2019,UK,OS,52,Molasses Shallow,524,,18.4,11.1,,44.0,
2019,6/14/2019,MK,OS,54,Alligator Shallow,541,,3.1,3.2,,13.8,
2019,6/14/2019,MK,OS,54,Alligator Shallow,542,,4.8,5.5,,24.8,
2019,6/14/2019,MK,OS,54,Alligator Shallow,543,,3.3,4.7,,28.1,
2019,6/14/2019,MK,OS,54,Alligator Shallow,544,,4.2,5.9,,24.4,
2019,5/15/2019,MK,OS,55,Tennessee Shallow,551,,3.0,6.0,,6.0,6.0
2019,5/15/2019,MK,OS,55,Tennessee Shallow,552,,2.3,5.2,,22.5,5.0
2019,5/15/2019,MK,OS,55,Tennessee Shallow,553,,6.6,6.0,,1.0,
2019,5/15/2019,MK,OS,55,Tennessee Shallow,554,,3.3,6.8,,67.0,
2019,5/20/2019,MK,OS,56,Sombrero Shallow,561,,17.6,14.4,,2.0,25.0
2019,5/18/2019,MK,OS,56,Sombrero Shallow,562,,28.6,11.4,,15.4,
2019,5/20/2019,MK,OS,56,Sombrero Shallow,563,,6.8,14.6,,29.0,17.0
2019,5/20/2019,MK,OS,56,Sombrero Shallow,564,,32.2,25.3,,9.7,21.7
2019,7/9/2019,LK,OS,59,Western Sambo Shallow,591,,12.7,13.8,,16.5,
2019,7/9/2019,LK,OS,59,Western Sambo Shallow,592,,25.6,40.3,,11.3,
2019,7/9/2019,LK,OS,59,Western Sambo Shallow,593,,42.6,33.0,,32.0,
2019,7/9/2019,LK,OS,59,Western Sambo Shallow,594,,45.6,42.2,,41.0,
2019,7/10/2019,LK,OS,61,Sand Key Shallow,611,,2.0,12.3,,,
2019,7/10/2019,LK,OS,61,Sand Key Shallow,612,,13.9,31.0,,,
2019,7/10/2019,LK,OS,61,Sand Key Shallow,613,,8.3,23.9,,30.7,
2019,7/10/2019,LK,OS,61,Sand Key Shallow,614,,10.8,15.3,,18.7,
2019,6/12/2019,UK,OD,70,Carysfort Deep,701,,,18.5,18.7,,
2019,6/12/2019,UK,OD,70,Carysfort Deep,702,,,,16.0,,
2019,6/12/2019,UK,OD,70,Carysfort Deep,703,,,6.2,16.0,,
2019,6/12/2019,UK,OD,70,Carysfort Deep,704,,,8.5,19.9,,
2019,6/11/2019,UK,OD,72,Molasses Deep,721,,10.3,8.9,6.7,26.0,
2019,6/11/2019,UK,OD,72,Molasses Deep,722,,9.6,8.4,7.4,,
2019,6/11/2019,UK,OD,72,Molasses Deep,723,,4.7,11.2,11.9,,
2019,6/11/2019,UK,OD,72,Molasses Deep,724,,9.0,12.6,9.5,8.0,
2019,6/14/2019,MK,OD,74,Alligator Deep,741,,3.1,10.0,26.5,5.0,
2019,6/14/2019,MK,OD,74,Alligator Deep,742,,3.5,9.1,18.0,13.0,
2019,6/14/2019,MK,OD,74,Alligator Deep,743,,3.7,8.1,4.0,4.0,
2019,6/14/2019,MK,OD,74,Alligator Deep,744,,3.9,8.9,,27.2,
2019,5/15/2019,MK,OD,75,Tennessee Deep,751,,21.8,18.9,20.9,3.0,
2019,5/15/2019,MK,OD,75,Tennessee Deep,752,,31.0,17.3,16.7,,
2019,5/15/2019,MK,OD,75,Tennessee Deep,753,,26.5,14.8,18.9,36.0,
2019,5/15/2019,MK,OD,75,Tennessee Deep,754,,27.1,23.2,14.0,10.5,
2019,5/20/2019,MK,OD,76,Sombrero Deep,761,,8.0,7.6,8.7,23.0,
2019,5/20/2019,MK,OD,76,Sombrero Deep,762,,14.8,8.8,10.4,1.0,
2019,5/20/2019,MK,OD,76,Sombrero Deep,763,,8.0,6.1,12.6,9.0,
2019,5/20/2019,MK,OD,76,Sombrero Deep,764,,4.3,19.1,16.3,10.9,
2019,7/17/2019,LK,OD,79,Western Sambo Deep,791,,4.4,18.9,19.5,,
2019,7/17/2019,LK,OD,79,Western Sambo Deep,792,,5.9,12.9,16.2,18.0,
2019,7/19/2019,LK,OD,79,Western Sambo Deep,793,,3.2,10.8,10.0,6.5,
2019,7/19/2019,LK,OD,79,Western Sambo Deep,794,,2.5,7.7,6.0,5.8,
2019,7/10/2019,LK,OD,81,Sand Key Deep,811,,3.3,9.7,14.5,11.0,
2019,7/10/2019,LK,OD,81,Sand Key Deep,812,,3.2,10.5,11.0,17.0,3.0
2019,7/17/2019,LK,OD,81,Sand Key Deep,813,,3.7,8.7,8.0,13.0,
2019,7/17/2019,LK,OD,81,Sand Key Deep,814,,2.5,11.4,17.0,10.4,
2020,6/11/2020,UK,P,32,Porter Patch,321,,12.9,26.1,,15.0,7.0
2020,6/11/2020,UK,P,32,Porter Patch,322,,10.5,27.8,,19.9,6.0
2020,6/11/2020,UK,P,32,Porter Patch,323,,8.0,24.0,,30.3,5.2
2020,6/11/2020,UK,P,32,Porter Patch,324,,14.8,26.2,,7.2,3.6
2020,6/11/2020,UK,P,33,Admiral,331,,24.6,31.9,,13.7,16.5
2020,6/11/2020,UK,P,33,Admiral,332,,20.8,31.1,,13.2,11.8
2020,6/11/2020,UK,P,33,Admiral,333,,22.1,22.8,,19.9,10.8
2020,6/11/2020,UK,P,33,Admiral,334,,17.7,30.8,,17.0,10.2
2020,10/1/2020,MK,P,34,West Turtle Shoal,341,,39.8,26.7,,31.0,18.5
2020,10/1/2020,MK,P,34,West Turtle Shoal,342,,35.3,28.0,,13.2,23.1
2020,10/31/2020,MK,P,34,West Turtle Shoal,343,,23.8,19.4,,22.4,25.3
2020,10/11/2020,MK,P,34,West Turtle Shoal,344,,29.7,25.4,,21.7,
2020,9/29/2020,MK,P,35,Dustan Rocks,351,,23.2,31.3,,11.7,41.7
2020,9/29/2020,MK,P,35,Dustan Rocks,352,,21.9,26.6,,6.8,43.8
2020,9/29/2020,MK,P,35,Dustan Rocks,353,,24.2,20.1,,20.0,49.4
2020,9/29/2020,MK,P,35,Dustan Rocks,354,,34.1,31.1,,,42.5
2020,9/17/2020,LK,P,36,West Washer Women,361,,48.0,40.5,,41.6,12.7
2020,9/17/2020,LK,P,36,West Washer Women,362,,49.4,27.4,,38.3,49.9
2020,9/17/2020,LK,P,36,West Washer Women,363,,58.0,51.7,,43.3,57.3
2020,9/17/2020,LK,P,36,West Washer Women,364,,,31.1,,,63.8
2020,9/16/2020,LK,P,38,Cliff Green,381,,50.6,37.1,,38.1,55.7
2020,9/16/2020,LK,P,38,Cliff Green,382,,70.4,40.0,,50.1,42.5
2020,9/15/2020,LK,P,38,Cliff Green,383,,49.2,43.6,,53.0,45.6
2020,9/15/2020,LK,P,38,Cliff Green,384,,51.2,21.5,,25.7,28.6
2020,6/15/2020,UK,OS,50,Carysfort Shallow,501,,18.7,,,19.0,
2020,6/15/2020,UK,OS,50,Carysfort Shallow,502,,21.5,2.0,,,
2020,6/15/2020,UK,OS,50,Carysfort Shallow,503,,16.2,28.2,7.9,54.0,
2020,6/15/2020,UK,OS,50,Carysfort Shallow,504,,31.0,24.6,,55.0,
2020,6/10/2020,UK,OS,52,Molasses Shallow,521,,10.6,16.0,,18.0,
2020,6/16/2020,UK,OS,52,Molasses Shallow,522,,11.1,8.9,,30.0,
2020,6/16/2020,UK,OS,52,Molasses Shallow,523,,2.9,6.6,,,
2020,6/16/2020,UK,OS,52,Molasses Shallow,524,,8.9,14.2,,57.0,
2020,6/13/2020,MK,OS,54,Alligator Shallow,541,,4.4,7.9,,18.4,
2020,6/13/2020,MK,OS,54,Alligator Shallow,542,,5.1,9.1,,8.1,
2020,6/13/2020,MK,OS,54,Alligator Shallow,543,,4.2,7.9,,32.2,
2020,6/13/2020,MK,OS,54,Alligator Shallow,544,,3.7,7.5,,13.9,
2020,9/20/2020,MK,OS,55,Tennessee Shallow,551,,3.1,10.9,,,3.0
2020,9/20/2020,MK,OS,55,Tennessee Shallow,552,,3.1,8.8,,14.0,
2020,9/20/2020,MK,OS,55,Tennessee Shallow,553,,4.4,8.9,,64.0,5.0
2020,9/20/2020,MK,OS,55,Tennessee Shallow,554,,3.1,8.9,,19.7,
2020,9/19/2020,MK,OS,56,Sombrero Shallow,561,,24.8,21.8,,,
2020,9/19/2020,MK,OS,56,Sombrero Shallow,562,,31.6,17.8,,33.0,27.5
2020,9/19/2020,MK,OS,56,Sombrero Shallow,563,,8.6,13.8,,,20.0
2020,9/19/2020,MK,OS,56,Sombrero Shallow,564,,33.6,23.0,,26.0,31.0
2020,7/14/2020,LK,OS,59,Western Sambo Shallow,591,,11.0,12.4,,13.7,
2020,7/14/2020,LK,OS,59,Western Sambo Shallow,592,,30.5,34.5,,17.3,
2020,7/14/2020,LK,OS,59,Western Sambo Shallow,593,,36.9,20.7,,,
2020,7/14/2020,LK,OS,59,Western Sambo Shallow,594,,37.5,39.2,,,
2020,7/16/2020,LK,OS,61,Sand Key Shallow,611,,3.0,12.4,,,
2020,7/16/2020,LK,OS,61,Sand Key Shallow,612,,10.6,26.6,,,
2020,7/16/2020,LK,OS,61,Sand Key Shallow,613,,8.2,18.1,,35.0,
2020,7/16/2020,LK,OS,61,Sand Key Shallow,614,,7.8,14.8,,11.5,
2020,6/15/2020,UK,OD,70,Carysfort Deep,701,,,,16.8,,
2020,6/15/2020,UK,OD,70,Carysfort Deep,702,,,,16.3,,
2020,6/15/2020,UK,OD,70,Carysfort Deep,703,,3.0,12.8,15.2,,
2020,6/15/2020,UK,OD,70,Carysfort Deep,704,,,14.7,17.0,,
2020,6/16/2020,UK,OD,72,Molasses Deep,721,,6.2,12.8,6.3,25.0,
2020,6/16/2020,UK,OD,72,Molasses Deep,722,,3.4,9.4,7.7,,
2020,6/16/2020,UK,OD,72,Molasses Deep,723,,4.1,14.4,6.0,50.0,
2020,6/16/2020,UK,OD,72,Molasses Deep,724,,3.9,12.2,5.8,10.0,17.0
2020,6/13/2020,MK,OD,74,Alligator Deep,741,,4.0,10.6,1.6,7.0,
2020,6/13/2020,MK,OD,74,Alligator Deep,742,,2.8,8.7,,19.5,
2020,6/13/2020,MK,OD,74,Alligator Deep,743,,3.3,8.4,3.9,17.6,
2020,6/13/2020,MK,OD,74,Alligator Deep,744,,3.8,8.8,10.0,19.7,29.5
2020,9/20/2020,MK,OD,75,Tennessee Deep,751,,25.0,17.6,12.0,,
2020,9/20/2020,MK,OD,75,Tennessee Deep,752,,31.6,16.8,24.6,,
2020,9/20/2020,MK,OD,75,Tennessee Deep,753,,19.4,11.9,21.4,,
2020,9/20/2020,MK,OD,75,Tennessee Deep,754,,24.8,19.1,15.1,12.5,
2020,10/12/2020,MK,OD,76,Sombrero Deep,761,,4.5,11.1,15.0,11.0,
2020,10/12/2020,MK,OD,76,Sombrero Deep,762,,5.8,10.1,19.8,,
2020,10/12/2020,MK,OD,76,Sombrero Deep,763,,7.2,10.0,15.2,16.0,
2020,10/12/2020,MK,OD,76,Sombrero Deep,764,,6.9,21.3,13.7,,
2020,7/14/2020,LK,OD,79,Western Sambo Deep,791,,3.9,16.6,14.1,35.0,
2020,7/14/2020,LK,OD,79,Western Sambo Deep,792,,8.1,10.1,13.8,21.3,
2020,7/14/2020,LK,OD,79,Western Sambo Deep,793,,3.0,11.1,9.8,,5.0
2020,7/14/2020,LK,OD,79,Western Sambo Deep,794,,3.4,9.0,,6.5,
2020,7/16/2020,LK,OD,81,Sand Key Deep,811,,3.0,10.0,8.0,13.8,
2020,7/16/2020,LK,OD,81,Sand Key Deep,812,,3.6,11.8,5.4,20.3,
2020,7/16/2020,LK,OD,81,Sand Key Deep,813,,4.1,9.7,,20.1,4.7
2020,7/16/2020,LK,OD,81,Sand Key Deep,814,,3.2,11.2,1.0,18.6,2.9
2021,6/10/2021,UK,P,32,Porter Patch,321,,15.3,23.3,,13.0,
2021,6/10/2021,UK,P,32,Porter Patch,322,,9.2,28.4,,17.5,17.0
2021,6/10/2021,UK,P,32,Porter Patch,323,,9.1,27.2,,15.3,
2021,6/10/2021,UK,P,32,Porter Patch,324,,14.7,25.6,,14.5,
2021,6/13/2021,UK,P,33,Admiral,331,,21.9,33.1,,13.0,17.0
2021,6/13/2021,UK,P,33,Admiral,332,,22.0,30.1,,13.8,16.7
2021,6/13/2021,UK,P,33,Admiral,333,,23.9,27.8,,21.6,13.4
2021,6/13/2021,UK,P,33,Admiral,334,,16.0,30.0,,16.1,12.1
2021,5/6/2021,MK,P,34,West Turtle Shoal,341,,40.1,25.5,,27.8,14.3
2021,5/6/2021,MK,P,34,West Turtle Shoal,342,,40.8,32.5,,19.9,22.2
2021,5/6/2021,MK,P,34,West Turtle Shoal,343,,32.6,29.5,,26.4,19.2
2021,5/6/2021,MK,P,34,West Turtle Shoal,344,,29.6,29.3,,26.3,
2021,5/5/2021,MK,P,35,Dustan Rocks,351,,26.5,29.3,,19.4,37.3
2021,5/5/2021,MK,P,35,Dustan Rocks,352,,26.2,33.2,,17.5,52.0
2021,5/5/2021,MK,P,35,Dustan Rocks,353,,18.0,21.9,,10.8,37.1
2021,5/5/2021,MK,P,35,Dustan Rocks,354,,32.3,35.2,,19.5,44.5
2021,7/14/2021,LK,P,36,West Washer Women,361,,62.5,40.5,,41.3,81.4
2021,7/14/2021,LK,P,36,West Washer Women,362,,56.6,18.3,,46.0,42.0
2021,7/14/2021,LK,P,36,West Washer Women,363,,50.3,40.8,,56.6,72.3
2021,7/14/2021,LK,P,36,West Washer Women,364,,,29.3,,,78.2
2021,7/17/2021,LK,P,38,Cliff Green,381,,58.1,32.8,,34.1,71.5
2021,7/17/2021,LK,P,38,Cliff Green,382,,68.4,43.8,,49.0,66.3
2021,7/17/2021,LK,P,38,Cliff Green,383,,39.6,42.8,,50.1,49.2
2021,7/17/2021,LK,P,38,Cliff Green,384,,58.0,21.7,,25.2,56.0
2021,6/15/2021,UK,OS,50,Carysfort Shallow,501,,23.7,,,21.0,
2021,6/15/2021,UK,OS,50,Carysfort Shallow,502,,21.3,,,,
2021,6/15/2021,UK,OS,50,Carysfort Shallow,503,,19.4,21.5,,12.4,
2021,6/15/2021,UK,OS,50,Carysfort Shallow,504,,29.7,53.3,,57.3,
2021,6/14/2021,UK,OS,52,Molasses Shallow,521,,11.3,17.3,,,
2021,6/14/2021,UK,OS,52,Molasses Shallow,522,,8.1,11.0,,17.5,
2021,6/14/2021,UK,OS,52,Molasses Shallow,523,,2.8,9.1,,,
2021,6/14/2021,UK,OS,52,Molasses Shallow,524,,6.8,14.0,,60.0,
2021,6/16/2021,MK,OS,54,Alligator Shallow,541,,4.9,11.7,,14.6,
2021,6/16/2021,MK,OS,54,Alligator Shallow,542,,6.6,11.6,,18.4,
2021,6/16/2021,MK,OS,54,Alligator Shallow,543,,4.0,9.8,,26.5,2.0
2021,6/16/2021,MK,OS,54,Alligator Shallow,544,,3.9,9.7,,11.8,
2021,5/7/2021,MK,OS,55,Tennessee Shallow,551,,3.1,12.3,,21.0,
2021,5/7/2021,MK,OS,55,Tennessee Shallow,552,,2.9,12.0,,18.3,
2021,5/7/2021,MK,OS,55,Tennessee Shallow,553,,5.3,10.9,,2.0,
2021,5/7/2021,MK,OS,55,Tennessee Shallow,554,,3.1,10.7,,22.7,
2021,5/6/2021,MK,OS,56,Sombrero Shallow,561,,15.7,18.9,,2.5,24.0
2021,5/6/2021,MK,OS,56,Sombrero Shallow,562,,18.0,12.9,,14.2,10.0
2021,5/6/2021,MK,OS,56,Sombrero Shallow,563,,6.0,14.5,,12.6,23.7
2021,5/6/2021,MK,OS,56,Sombrero Shallow,564,,30.8,20.3,,21.0,21.3
2021,7/15/2021,LK,OS,59,Western Sambo Shallow,591,,10.5,16.2,,12.4,
2021,7/16/2021,LK,OS,59,Western Sambo Shallow,592,,25.1,26.4,,22.0,
2021,7/21/2021,LK,OS,59,Western Sambo Shallow,593,,34.1,31.9,,,
2021,7/21/2021,LK,OS,59,Western Sambo Shallow,594,,42.3,37.3,,,
2021,7/15/2021,LK,OS,61,Sand Key Shallow,611,,3.2,15.3,,,
2021,7/15/2021,LK,OS,61,Sand Key Shallow,612,,8.9,25.0,,7.5,
2021,7/15/2021,LK,OS,61,Sand Key Shallow,613,,8.2,20.5,,20.7,
2021,7/15/2021,LK,OS,61,Sand Key Shallow,614,,8.4,18.6,,9.5,
2021,6/15/2021,UK,OD,70,Carysfort Deep,701,,4.0,5.0,14.2,,
2021,6/15/2021,UK,OD,70,Carysfort Deep,702,,,3.0,13.7,,
2021,6/15/2021,UK,OD,70,Carysfort Deep,703,,,12.2,14.3,,
2021,6/15/2021,UK,OD,70,Carysfort Deep,704,,,10.2,13.5,,
2021,6/11/2021,UK,OD,72,Molasses Deep,721,,5.0,12.8,7.6,24.0,
2021,6/11/2021,UK,OD,72,Molasses Deep,722,,5.1,11.5,7.3,,
2021,6/11/2021,UK,OD,72,Molasses Deep,723,,2.8,15.6,5.1,75.0,
2021,6/11/2021,UK,OD,72,Molasses Deep,724,,2.6,13.8,5.0,14.5,
2021,6/16/2021,MK,OD,74,Alligator Deep,741,,3.4,13.4,,13.0,
2021,6/16/2021,MK,OD,74,Alligator Deep,742,,3.2,11.0,2.3,19.2,
2021,6/16/2021,MK,OD,74,Alligator Deep,743,,2.9,11.1,17.0,5.0,1.5
2021,6/16/2021,MK,OD,74,Alligator Deep,744,,2.9,11.1,15.8,21.5,2.0
2021,5/7/2021,MK,OD,75,Tennessee Deep,751,,23.4,21.2,22.8,,
2021,5/7/2021,MK,OD,75,Tennessee Deep,752,,29.5,22.1,26.9,6.0,
2021,5/7/2021,MK,OD,75,Tennessee Deep,753,,20.6,12.9,21.9,43.0,
2021,5/7/2021,MK,OD,75,Tennessee Deep,754,,24.9,21.4,13.0,14.3,
2021,5/6/2021,MK,OD,76,Sombrero Deep,761,,4.7,11.8,17.7,15.4,
2021,5/6/2021,MK,OD,76,Sombrero Deep,762,,4.3,11.2,25.7,17.0,
2021,5/6/2021,MK,OD,76,Sombrero Deep,763,,8.8,12.0,17.5,21.0,
2021,5/6/2021,MK,OD,76,Sombrero Deep,764,,6.8,20.5,17.7,28.0,
2021,7/16/2021,LK,OD,79,Western Sambo Deep,791,,4.7,20.2,17.0,35.0,
2021,7/16/2021,LK,OD,79,Western Sambo Deep,792,,4.0,11.8,14.7,22.5,
2021,7/16/2021,LK,OD,79,Western Sambo Deep,793,,3.5,12.2,,5.0,
2021,7/16/2021,LK,OD,79,Western Sambo Deep,794,,3.2,11.6,,9.0,
2021,7/15/2021,LK,OD,81,Sand Key Deep,811,,3.4,11.5,13.6,9.4,
2021,7/15/2021,LK,OD,81,Sand Key Deep,812,,4.4,13.3,7.0,32.2,
2021,7/15/2021,LK,OD,81,Sand Key Deep,813,,3.5,11.9,9.0,27.5,
2021,7/15/2021,LK,OD,81,Sand Key Deep,814,,3.7,12.1,,10.6,3.7
2022,7/14/2022,UK,P,32,Porter Patch,321,,18.4,27.1,,15.1,
2022,7/14/2022,UK,P,32,Porter Patch,322,,18.6,31.2,,36.0,
2022,7/14/2022,UK,P,32,Porter Patch,323,,8.8,29.2,,7.2,
2022,7/14/2022,UK,P,32,Porter Patch,324,,18.3,27.7,,19.3,5.0
2022,9/14/2022,UK,P,33,Admiral,331,,26.0,35.3,,22.0,15.0
2022,9/14/2022,UK,P,33,Admiral,332,,27.0,36.0,,13.2,20.7
2022,9/14/2022,UK,P,33,Admiral,333,,26.7,27.9,,21.7,13.0
2022,9/14/2022,UK,P,33,Admiral,334,,25.6,31.8,,18.4,10.6
2022,5/14/2022,MK,P,34,West Turtle Shoal,341,,47.2,28.2,,25.1,
2022,5/14/2022,MK,P,34,West Turtle Shoal,342,,39.2,33.3,,19.9,10.0
2022,5/14/2022,MK,P,34,West Turtle Shoal,343,,35.0,35.3,,32.5,
2022,5/14/2022,MK,P,34,West Turtle Shoal,344,,31.6,31.2,,21.0,26.0
2022,5/11/2022,MK,P,35,Dustan Rocks,351,,29.5,31.7,,27.5,115.0
2022,5/12/2022,MK,P,35,Dustan Rocks,352,,22.0,24.9,,19.6,57.7
2022,5/12/2022,MK,P,35,Dustan Rocks,353,,26.7,26.3,,8.6,52.8
2022,5/12/2022,MK,P,35,Dustan Rocks,354,,36.5,35.9,,36.0,30.8
2022,6/11/2022,LK,P,36,West Washer Women,361,,48.0,42.8,,50.2,99.2
2022,6/11/2022,LK,P,36,West Washer Women,362,,53.4,25.9,,55.8,52.0
2022,6/11/2022,LK,P,36,West Washer Women,363,,34.8,26.9,,55.7,70.0
2022,6/11/2022,LK,P,36,West Washer Women,364,,9.0,25.2,,64.5,82.0
2022,6/7/2022,LK,P,38,Cliff Green,381,,51.9,34.9,,40.0,56.3
2022,6/7/2022,LK,P,38,Cliff Green,382,,64.9,34.7,,50.5,58.3
2022,6/7/2022,LK,P,38,Cliff Green,383,,63.9,44.9,,52.3,55.7
2022,6/7/2022,LK,P,38,Cliff Green,384,,59.3,25.4,,21.2,35.0
2022,7/13/2022,UK,OS,50,Carysfort Shallow,501,,30.8,,,27.0,
2022,7/13/2022,UK,OS,50,Carysfort Shallow,502,,26.5,,,,
2022,7/13/2022,UK,OS,50,Carysfort Shallow,503,,12.8,21.0,,55.0,
2022,7/13/2022,UK,OS,50,Carysfort Shallow,504,,31.1,47.0,,52.3,
2022,7/16/2022,UK,OS,52,Molasses Shallow,521,,12.0,27.6,,28.5,
2022,7/16/2022,UK,OS,52,Molasses Shallow,522,,10.1,13.0,,39.0,
2022,7/16/2022,UK,OS,52,Molasses Shallow,523,,3.4,9.0,,,
2022,7/16/2022,UK,OS,52,Molasses Shallow,524,,7.1,11.9,,65.0,
2022,9/13/2022,MK,OS,54,Alligator Shallow,541,,4.3,11.9,,20.4,
2022,9/13/2022,MK,OS,54,Alligator Shallow,542,,7.1,13.1,,16.7,
2022,9/13/2022,MK,OS,54,Alligator Shallow,543,,4.6,12.0,,24.3,4.0
2022,9/13/2022,MK,OS,54,Alligator Shallow,544,,3.7,9.2,,15.5,3.0
2022,5/17/2022,MK,OS,55,Tennessee Shallow,551,,3.3,15.3,,8.7,
2022,5/17/2022,MK,OS,55,Tennessee Shallow,552,,2.5,15.4,,20.5,5.0
2022,5/17/2022,MK,OS,55,Tennessee Shallow,553,,2.9,13.0,,2.0,
2022,5/17/2022,MK,OS,55,Tennessee Shallow,554,,3.2,13.5,,13.6,2.0
2022,5/13/2022,MK,OS,56,Sombrero Shallow,561,,20.5,23.6,,2.5,
2022,5/13/2022,MK,OS,56,Sombrero Shallow,562,,23.5,16.5,,20.5,
2022,5/13/2022,MK,OS,56,Sombrero Shallow,563,,7.7,18.1,,29.0,
2022,5/13/2022,MK,OS,56,Sombrero Shallow,564,,35.4,21.0,,12.0,32.5
2022,6/9/2022,LK,OS,59,Western Sambo Shallow,591,,12.1,20.1,,16.0,
2022,6/9/2022,LK,OS,59,Western Sambo Shallow,592,,25.3,29.2,,13.5,
2022,6/9/2022,LK,OS,59,Western Sambo Shallow,593,,41.8,35.8,,24.5,
2022,6/9/2022,LK,OS,59,Western Sambo Shallow,594,,43.2,32.5,,,
2022,6/9/2022,LK,OS,61,Sand Key Shallow,611,,4.7,17.4,,,
2022,6/9/2022,LK,OS,61,Sand Key Shallow,612,,17.3,29.8,,3.0,
2022,6/9/2022,LK,OS,61,Sand Key Shallow,613,,12.6,26.5,,33.2,
2022,6/9/2022,LK,OS,61,Sand Key Shallow,614,,6.6,21.3,,21.0,
2022,7/13/2022,UK,OD,70,Carysfort Deep,701,,,3.0,14.3,,
2022,7/13/2022,UK,OD,70,Carysfort Deep,702,,,,14.9,,
2022,7/13/2022,UK,OD,70,Carysfort Deep,703,,,13.0,11.5,,
2022,7/13/2022,UK,OD,70,Carysfort Deep,704,,6.0,10.7,13.7,,
2022,7/12/2022,UK,OD,72,Molasses Deep,721,,3.8,14.2,8.8,14.0,
2022,7/12/2022,UK,OD,72,Molasses Deep,722,,3.7,12.7,11.2,,
2022,7/12/2022,UK,OD,72,Molasses Deep,723,,3.1,16.3,10.4,80.0,
2022,7/12/2022,UK,OD,72,Molasses Deep,724,,3.7,13.9,9.4,8.0,
2022,9/13/2022,MK,OD,74,Alligator Deep,741,,4.3,14.1,,16.5,
2022,9/13/2022,MK,OD,74,Alligator Deep,742,,3.3,11.0,12.0,25.0,
2022,9/13/2022,MK,OD,74,Alligator Deep,743,,3.7,14.2,19.3,,
2022,9/13/2022,MK,OD,74,Alligator Deep,744,,,13.2,19.4,22.0,6.0
2022,5/17/2022,MK,OD,75,Tennessee Deep,751,,25.3,21.7,17.6,,
2022,5/17/2022,MK,OD,75,Tennessee Deep,752,,28.8,26.1,29.8,,
2022,5/17/2022,MK,OD,75,Tennessee Deep,753,,22.1,15.0,19.3,40.0,
2022,5/17/2022,MK,OD,75,Tennessee Deep,754,,28.9,16.6,25.2,18.0,
2022,5/13/2022,MK,OD,76,Sombrero Deep,761,,6.1,15.0,20.4,16.0,
2022,5/13/2022,MK,OD,76,Sombrero Deep,762,,11.9,15.3,8.9,17.5,
2022,5/13/2022,MK,OD,76,Sombrero Deep,763,,4.7,12.8,16.5,13.3,
2022,5/13/2022,MK,OD,76,Sombrero Deep,764,,4.3,20.9,18.5,27.0,
2022,6/11/2022,LK,OD,79,Western Sambo Deep,791,,4.8,19.8,19.2,,
2022,6/11/2022,LK,OD,79,Western Sambo Deep,792,,7.8,13.4,15.7,22.7,
2022,6/11/2022,LK,OD,79,Western Sambo Deep,793,,3.1,16.4,,6.0,
2022,6/11/2022,LK,OD,79,Western Sambo Deep,794,,4.0,14.1,,,
2022,6/8/2022,LK,OD,81,Sand Key Deep,811,,3.2,13.8,11.8,11.8,
2022,6/8/2022,LK,OD,81,Sand Key Deep,812,,3.9,13.4,7.0,42.7,
2022,6/8/2022,LK,OD,81,Sand Key Deep,813,,3.5,12.9,6.0,18.9,
2022,6/8/2022,LK,OD,81,Sand Key Deep,814,,3.2,14.2,,15.1,4.3
2023,7/11/2023,UK,P,32,Porter Patch,321,,20.9,30.8,,25.3,7.3
2023,7/11/2023,UK,P,32,Porter Patch,322,,19.6,35.2,,30.9,
2023,7/11/2023,UK,P,32,Porter Patch,323,,13.0,29.1,,11.4,5.4
2023,7/11/2023,UK,P,32,Porter Patch,324,,23.4,28.7,,19.2,9.0
2023,7/18/2023,UK,P,33,Admiral,331,,33.4,37.4,,17.8,31.0
2023,7/18/2023,UK,P,33,Admiral,332,,29.6,39.4,,17.3,22.0
2023,7/18/2023,UK,P,33,Admiral,333,,28.1,31.2,,22.8,13.4
2023,7/18/2023,UK,P,33,Admiral,334,,24.6,35.4,,20.9,24.0
2023,5/10/2023,MK,P,34,West Turtle Shoal,341,,44.6,36.4,,24.7,9.7
2023,5/10/2023,MK,P,34,West Turtle Shoal,342,,43.0,32.1,,22.0,
2023,5/10/2023,MK,P,34,West Turtle Shoal,343,,36.3,28.4,,24.4,11.5
2023,5/10/2023,MK,P,34,West Turtle Shoal,344,,30.1,28.3,,14.6,
2023,5/11/2023,MK,P,35,Dustan Rocks,351,,28.8,29.7,,24.5,53.5
2023,5/11/2023,MK,P,35,Dustan Rocks,352,,33.0,30.3,,9.4,57.1
2023,5/11/2023,MK,P,35,Dustan Rocks,353,,26.4,25.4,,23.7,47.0
2023,5/11/2023,MK,P,35,Dustan Rocks,354,,42.0,35.8,,35.0,43.0
2023,6/9/2023,LK,P,36,West Washer Women,361,,59.0,48.6,,42.9,80.3
2023,6/9/2023,LK,P,36,West Washer Women,362,,58.9,21.9,,51.7,55.9
2023,6/9/2023,LK,P,36,West Washer Women,363,,63.5,30.4,,59.5,79.0
2023,6/9/2023,LK,P,36,West Washer Women,364,,,25.2,,18.0,93.0
2023,6/7/2023,LK,P,38,Cliff Green,381,,61.4,31.9,,33.6,51.0
2023,6/7/2023,LK,P,38,Cliff Green,382,,58.0,40.6,,41.5,54.8
2023,6/7/2023,LK,P,38,Cliff Green,383,,59.9,49.9,,48.6,53.6
2023,6/7/2023,LK,P,38,Cliff Green,384,,79.3,34.6,,18.9,35.0
2023,7/15/2023,UK,OS,50,Carysfort Shallow,501,,26.1,,,30.5,
2023,7/15/2023,UK,OS,50,Carysfort Shallow,502,,23.7,,,,
2023,7/15/2023,UK,OS,50,Carysfort Shallow,503,,19.8,20.1,,57.0,
2023,7/15/2023,UK,OS,50,Carysfort Shallow,504,,34.0,53.7,,37.7,
2023,7/11/2023,UK,OS,52,Molasses Shallow,521,,13.8,22.1,,,
2023,7/11/2023,UK,OS,52,Molasses Shallow,522,,11.0,15.1,,43.0,
2023,7/11/2023,UK,OS,52,Molasses Shallow,523,,4.9,10.9,,,
2023,7/11/2023,UK,OS,52,Molasses Shallow,524,,9.9,15.7,,59.0,
2023,7/12/2023,MK,OS,54,Alligator Shallow,541,,4.7,14.7,,22.5,
2023,7/12/2023,MK,OS,54,Alligator Shallow,542,,9.3,15.2,,11.4,
2023,7/12/2023,MK,OS,54,Alligator Shallow,543,,5.8,11.5,,41.4,
2023,7/12/2023,MK,OS,54,Alligator Shallow,544,,5.1,9.9,,33.3,
2023,5/15/2023,MK,OS,55,Tennessee Shallow,551,,3.9,20.1,,29.5,
2023,5/15/2023,MK,OS,55,Tennessee Shallow,552,,3.5,17.5,,14.5,
2023,5/15/2023,MK,OS,55,Tennessee Shallow,553,,3.8,14.9,,3.0,
2023,5/15/2023,MK,OS,55,Tennessee Shallow,554,,3.6,14.1,,77.0,
2023,5/14/2023,MK,OS,56,Sombrero Shallow,561,,16.6,24.1,,4.5,
2023,5/14/2023,MK,OS,56,Sombrero Shallow,562,,20.6,16.2,,16.0,
2023,5/14/2023,MK,OS,56,Sombrero Shallow,563,,11.8,21.3,,18.3,30.0
2023,5/14/2023,MK,OS,56,Sombrero Shallow,564,,34.2,19.0,,14.0,38.7
2023,6/6/2023,LK,OS,59,Western Sambo Shallow,591,,18.3,19.2,,22.3,
2023,6/6/2023,LK,OS,59,Western Sambo Shallow,592,,34.0,34.4,,16.7,
2023,6/6/2023,LK,OS,59,Western Sambo Shallow,593,,43.9,37.4,,,
2023,6/6/2023,LK,OS,59,Western Sambo Shallow,594,,42.4,34.7,,11.0,
2023,6/8/2023,LK,OS,61,Sand Key Shallow,611,,4.4,18.7,4.0,1.0,
2023,6/8/2023,LK,OS,61,Sand Key Shallow,612,,20.8,33.0,,,
2023,6/8/2023,LK,OS,61,Sand Key Shallow,613,,18.5,28.4,,31.3,
2023,6/8/2023,LK,OS,61,Sand Key Shallow,614,,11.4,21.1,19.8,24.0,
2023,7/15/2023,UK,OD,70,Carysfort Deep,701,,,7.0,13.9,,39.0
2023,7/15/2023,UK,OD,70,Carysfort Deep,702,,,,16.0,,
2023,7/15/2023,UK,OD,70,Carysfort Deep,703,,,14.0,13.3,,
2023,7/15/2023,UK,OD,70,Carysfort Deep,704,,3.0,10.3,11.0,,
2023,9/13/2023,UK,OD,72,Molasses Deep,721,,6.2,15.2,14.1,22.8,
2023,9/13/2023,UK,OD,72,Molasses Deep,722,,5.1,15.0,14.4,7.3,
2023,9/12/2023,UK,OD,72,Molasses Deep,723,,4.0,18.8,14.0,13.0,
2023,9/12/2023,UK,OD,72,Molasses Deep,724,,5.0,15.8,11.3,1.0,
2023,7/12/2023,MK,OD,74,Alligator Deep,741,,5.5,17.9,18.3,23.0,
2023,7/12/2023,MK,OD,74,Alligator Deep,742,,3.6,12.4,11.3,13.5,
2023,7/12/2023,MK,OD,74,Alligator Deep,743,,3.6,15.4,9.0,2.5,3.0
2023,7/12/2023,MK,OD,74,Alligator Deep,744,,3.8,16.4,8.0,20.1,
2023,5/15/2023,MK,OD,75,Tennessee Deep,751,,31.6,20.0,16.4,,
2023,5/15/2023,MK,OD,75,Tennessee Deep,752,,30.7,29.0,32.1,12.0,
2023,5/15/2023,MK,OD,75,Tennessee Deep,753,,27.0,16.7,12.0,8.0,
2023,5/15/2023,MK,OD,75,Tennessee Deep,754,,27.7,25.0,36.2,14.7,
2023,5/16/2023,MK,OD,76,Sombrero Deep,761,,5.6,17.4,26.2,10.0,
2023,5/16/2023,MK,OD,76,Sombrero Deep,762,,5.6,16.9,15.8,,
2023,5/16/2023,MK,OD,76,Sombrero Deep,763,,3.4,13.4,14.3,17.0,
2023,5/16/2023,MK,OD,76,Sombrero Deep,764,,15.0,24.1,21.3,23.3,
2023,6/7/2023,LK,OD,79,Western Sambo Deep,791,,6.3,22.3,19.3,,
2023,6/7/2023,LK,OD,79,Western Sambo Deep,792,,10.7,16.4,20.7,17.3,
2023,6/7/2023,LK,OD,79,Western Sambo Deep,793,,3.9,15.0,,,
2023,6/7/2023,LK,OD,79,Western Sambo Deep,794,,4.1,12.6,,,
2023,6/8/2023,LK,OD,81,Sand Key Deep,811,,3.4,15.7,9.9,12.0,
2023,6/8/2023,LK,OD,81,Sand Key Deep,812,,3.7,14.5,5.9,28.7,
2023,6/8/2023,LK,OD,81,Sand Key Deep,813,,3.7,13.8,12.3,25.3,
2023,6/8/2023,LK,OD,81,Sand Key Deep,814,,3.7,13.7,3.8,15.0,
